Acid green	B0BF1A	
Aero	7CB9E8	https://en.wikipedia.org/wiki/Aero_(color)
Aero blue	C9FFE5	
African violet	B284BE	https://en.wikipedia.org/wiki/African_violet_(color)
Air Force blue (RAF)	5D8AA8	
Air Force blue (USAF)	00308F	
Air superiority blue	72A0C1	
Alabama crimson	AF002A	
Alice blue	F0F8FF	
Alizarin crimson	E32636	https://en.wikipedia.org/wiki/Alizarin_crimson_(color)
Alloy orange	C46210	
Almond	EFDECD	https://en.wikipedia.org/wiki/Almond_(color)
Amaranth	E52B50	https://en.wikipedia.org/wiki/Amaranth_(color)
Amaranth pink	F19CBB	
Amaranth purple	AB274F	
Amazon	3B7A57	https://en.wikipedia.org/wiki/Amazon_(color)
Amber	FFBF00	https://en.wikipedia.org/wiki/Amber_(color)
Amber (SAE/ECE)	FF7E00	https://en.wikipedia.org/wiki/Amber_(color)
American rose	FF033E	
Amethyst	9966CC	https://en.wikipedia.org/wiki/Amethyst_(color)
Android green	A4C639	
Anti-flash white	F2F3F4	
Antique brass	CD9575	
Antique bronze	665D1E	
Antique fuchsia	915C83	
Antique ruby	841B2D	
Antique white	FAEBD7	
Ao (English)	008000	https://en.wikipedia.org/wiki/Ao_(color)
Apple green	8DB600	
Apricot	FBCEB1	https://en.wikipedia.org/wiki/Apricot_(color)
Aqua	00FFFF	https://en.wikipedia.org/wiki/Aqua_(color)
Aquamarine	7FFFD4	https://en.wikipedia.org/wiki/Aquamarine_(color)
Army green	4B5320	
Artichoke	8F9779	https://en.wikipedia.org/wiki/Artichoke_(color)
Arylide yellow	E9D66B	
Ash grey	B2BEB5	
Asparagus	87A96B	https://en.wikipedia.org/wiki/Asparagus_(color)
Atomic tangerine	FF9966	
Auburn	A52A2A	https://en.wikipedia.org/wiki/Auburn_(color)
Aureolin	FDEE00	
AuroMetalSaurus	6E7F80	
Avocado	568203	https://en.wikipedia.org/wiki/Avocado_(color)
Azure	007FFF	https://en.wikipedia.org/wiki/Azure_(color)
Azure (web color)	F0FFFF	
Azure mist	F0FFFF	
Baby blue	89CFF0	
Baby blue eyes	A1CAF1	https://en.wikipedia.org/wiki/Baby_blue#Baby_blue_eyes
Baby pink	F4C2C2	https://en.wikipedia.org/wiki/Shades_of_pink#Baby_pink
Baby powder	FEFEFA	https://en.wikipedia.org/wiki/Shades_of_white#Baby_powder
Baker-Miller pink	FF91AF	https://en.wikipedia.org/wiki/Baker-Miller_Pink
Ball blue	21ABCD	https://en.wikipedia.org/wiki/List_of_Crayola_colored_pencil_colors#Standard_Colors
Banana Mania	FAE7B5	https://en.wikipedia.org/wiki/List_of_Crayola_crayon_colors#Standard_colors
Banana yellow	FFE135	https://en.wikipedia.org/wiki/Shades_of_yellow#Banana_yellow
Bangladesh green	006A4E	https://en.wikipedia.org/wiki/Shades_of_green#Bottle_green
Barbie pink	E0218A	https://en.wikipedia.org/wiki/Variations_of_pink#Barbie_pink
Barn red	7C0A02	https://en.wikipedia.org/wiki/Shades_of_red#Barn_red
Battleship grey	848482	
Bazaar	98777B	https://en.wikipedia.org/wiki/Rose_(color)#Bazaar
Beau blue	BCD4E6	https://en.wikipedia.org/wiki/Baby_blue#Beau_blue
Beaver	9F8170	https://en.wikipedia.org/wiki/Variations_of_brown#Beaver
Beige	F5F5DC	
B'dazzled blue	2E5894	https://en.wikipedia.org/wiki/Sapphire_(color)#B'dazzled_blue
Big dip o’ruby	9C2542	https://en.wikipedia.org/wiki/Ruby_(color)#Big_dip_o'ruby
Bisque	FFE4C4	https://en.wikipedia.org/wiki/X11_color_names#Color_name_charts
Bistre	3D2B1F	
Bistre brown	967117	https://en.wikipedia.org/wiki/Bistre#Bistre_brown
Bitter lemon	CAE00D	https://en.wikipedia.org/wiki/Lemon_(color)#Bitter_lemon
Bitter lime	BFFF00	https://en.wikipedia.org/wiki/Lime_(color)
Bittersweet	FE6F5E	https://en.wikipedia.org/wiki/Shades_of_orange#Bittersweet
Bittersweet shimmer	BF4F51	https://en.wikipedia.org/wiki/Shades_of_orange#Bittersweet_shimmer
Black	000000	
Black bean	3D0C02	https://en.wikipedia.org/wiki/Shades_of_black_(colors)#Black_bean
Black leather jacket	253529	https://en.wikipedia.org/wiki/Shades_of_black_(colors)#Black_leather_jacket
Black olive	3B3C36	https://en.wikipedia.org/wiki/Olive_(color)#Black_olive
Blanched almond	FFEBCD	https://en.wikipedia.org/wiki/X11_color_names
Blast-off bronze	A57164	https://en.wikipedia.org/wiki/Bronze_(color)#Blast-off_bronze
Bleu de France	318CE7	https://en.wikipedia.org/wiki/Bleu_de_France_(colour)
Blizzard Blue	ACE5EE	https://en.wikipedia.org/wiki/List_of_Crayola_crayon_colors#Standard_colors
Blond	FAF0BE	
Blue	0000FF	
Blue (Crayola)	1F75FE	https://en.wikipedia.org/wiki/Shades_of_blue#Blue_(Crayola)
Blue (Munsell)	0093AF	https://en.wikipedia.org/wiki/Shades_of_blue#Blue_(Munsell)
Blue (NCS)	0087BD	https://en.wikipedia.org/wiki/Shades_of_blue#Blue_(NCS)
Blue (Pantone)	0018A8	https://en.wikipedia.org/wiki/Shades_of_blue#Blue_(Pantone)
Blue (pigment)	333399	https://en.wikipedia.org/wiki/Shades_of_blue#Blue_(CMYK)_(pigment_blue)
Blue (RYB)	0247FE	https://en.wikipedia.org/wiki/RYB_color_model
Blue Bell	A2A2D0	https://en.wikipedia.org/wiki/List_of_Crayola_crayon_colors#Standard_colors
Blue-gray	6699CC	
Blue-green	0D98BA	
Blue sapphire	126180	https://en.wikipedia.org/wiki/Sapphire_(color)#Blue_sapphire
Blue-violet	8A2BE2	https://en.wikipedia.org/wiki/Indigo#Deep_indigo_(web_color_blue-violet)
Blue yonder	5072A7	https://en.wikipedia.org/wiki/Air_Force_blue#Blue_yonder
Blueberry	4F86F7	https://en.wikipedia.org/wiki/List_of_Crayola_crayon_colors#Magic_Scent
Bluebonnet	1C1CF0	https://en.wikipedia.org/wiki/Bluebonnet_(plant)
Blush	DE5D83	https://en.wikipedia.org/wiki/Red-violet#Blush
Bole	79443B	https://en.wikipedia.org/wiki/Bole_(color)
Bondi blue	0095B6	
Bone	E3DAC9	https://en.wikipedia.org/wiki/Shades_of_white#Bone
Boston University Red	CC0000	https://en.wikipedia.org/wiki/Scarlet_(color)#School_colors
Bottle green	006A4E	https://en.wikipedia.org/wiki/Shades_of_green#Bottle_green
Boysenberry	873260	https://en.wikipedia.org/wiki/Boysenberry_(color)
Brandeis blue	0070FF	
Brass	B5A642	
Brick red	CB4154	https://en.wikipedia.org/wiki/List_of_Crayola_crayon_colors#Standard_colors
Bright cerulean	1DACD6	https://en.wikipedia.org/wiki/Cerulean#Bright_cerulean
Bright green	66FF00	https://en.wikipedia.org/wiki/Shades_of_green#Bright_green
Bright lavender	BF94E4	https://en.wikipedia.org/wiki/Lavender_(color)#Bright_lavender_(light_floral_lavender)_(lavender_bandana)
Bright lilac	D891EF	https://en.wikipedia.org/wiki/Lilac_(color)#Bright_lilac
Bright maroon	C32148	https://en.wikipedia.org/wiki/Maroon_(color)#Bright_maroon
Bright navy blue	1974D2	https://en.wikipedia.org/wiki/Navy_blue#Bright_navy_blue
Bright pink	FF007F	https://en.wikipedia.org/wiki/Shades_of_pink#Bright_pink
Bright turquoise	08E8DE	https://en.wikipedia.org/wiki/Turquoise_(color)#Bright_Turquoise
Bright ube	D19FE8	https://en.wikipedia.org/wiki/Lavender_(color)#Bright_úbe
Brilliant lavender	F4BBFF	https://en.wikipedia.org/wiki/Lavender_(color)#Brilliant_lavender_(electric_lavender)
Brilliant rose	FF55A3	https://en.wikipedia.org/wiki/Rose_(color)#Brilliant_Rose
Brink pink	FB607F	https://en.wikipedia.org/wiki/Rose_(color)#Brink_Pink
British racing green	004225	
Bronze	CD7F32	https://en.wikipedia.org/wiki/Bronze_(color)
Bronze Yellow	737000	https://en.wikipedia.org/wiki/List_of_Crayola_colored_pencil_colors#Standard_Colors
Brown (traditional)	964B00	https://en.wikipedia.org/wiki/Brown
Brown (web)	A52A2A	https://en.wikipedia.org/wiki/Brown#Red-brown_(web_color_"brown")
Brown-nose	6B4423	https://en.wikipedia.org/wiki/Variations_of_brown#Brown-nose
Brunswick green	1B4D3E	https://en.wikipedia.org/wiki/Shades_of_green#Brunswick_green
Bubble gum	FFC1CC	https://en.wikipedia.org/wiki/List_of_Crayola_colored_pencil_colors#Standard_Colors
Bubbles	E7FEFF	https://en.wikipedia.org/wiki/Baby_blue#Bubbles
Buff	F0DC82	https://en.wikipedia.org/wiki/Buff_(colour)
Bud green	7BB661	https://en.wikipedia.org/wiki/Spring_bud#Bud_green
Bulgarian rose	480607	https://en.wikipedia.org/wiki/Rose_(color)#Bulgarian_Rose
Burgundy	800020	https://en.wikipedia.org/wiki/Burgundy_(color)
Burlywood	DEB887	https://en.wikipedia.org/wiki/X11_color_names#Color_name_charts
Burnt orange	CC5500	https://en.wikipedia.org/wiki/Shades_of_orange#Burnt_orange
Burnt sienna	E97451	
Burnt umber	8A3324	
Byzantine	BD33A4	https://en.wikipedia.org/wiki/Byzantium_(color)#Byzantine
Byzantium	702963	https://en.wikipedia.org/wiki/Byzantium_(color)
Cadet	536872	https://en.wikipedia.org/wiki/Cadet_grey#Cadet
Cadet blue	5F9EA0	https://en.wikipedia.org/wiki/Cadet_grey#Cadet_blue
Cadet grey	91A3B0	
Cadmium green	006B3C	https://en.wikipedia.org/wiki/Cadmium_pigments
Cadmium orange	ED872D	https://en.wikipedia.org/wiki/Cadmium_pigments
Cadmium red	E30022	https://en.wikipedia.org/wiki/Cadmium_pigments
Cadmium yellow	FFF600	https://en.wikipedia.org/wiki/Cadmium_pigments
Café au lait	A67B5B	https://en.wikipedia.org/wiki/Coffee_(color)#Café_au_Lait
Café noir	4B3621	https://en.wikipedia.org/wiki/Coffee_(color)#Café_Noir
Cal Poly Pomona green	1E4D2B	https://en.wikipedia.org/wiki/Shades_of_green#Cal_Poly_Pomona_green
Cambridge Blue	A3C1AD	https://en.wikipedia.org/wiki/Cambridge_Blue_(colour)
Camel	C19A6B	https://en.wikipedia.org/wiki/Camel_(color)#Camel
Cameo pink	EFBBCC	https://en.wikipedia.org/wiki/Shades_of_pink#Cameo_pink
Camouflage green	78866B	https://en.wikipedia.org/wiki/Chartreuse_(color)#Camouflage_green
Canary yellow	FFEF00	https://en.wikipedia.org/wiki/Shades_of_yellow#Yellow_(CMYK)_(process_yellow)_(canary_yellow)
Candy apple red	FF0800	https://en.wikipedia.org/wiki/Candy_apple_red_(color)
Candy pink	E4717A	https://en.wikipedia.org/wiki/Candy_apple_red_(color)#Candy_pink
Capri	00BFFF	https://en.wikipedia.org/wiki/Deep_sky_blue
Caput mortuum	592720	
Cardinal	C41E3A	https://en.wikipedia.org/wiki/Cardinal_(color)
Caribbean green	00CC99	https://en.wikipedia.org/wiki/Spring_green#Caribbean_green
Carmine	960018	https://en.wikipedia.org/wiki/Carmine_(color)
Carmine (M&P)	D70040	https://en.wikipedia.org/wiki/Carmine_(color)#Rich_carmine
Carmine pink	EB4C42	https://en.wikipedia.org/wiki/Carmine_(color)#Carmine_pink
Carmine red	FF0038	https://en.wikipedia.org/wiki/Carmine_(color)#Carmine_Red
Carnation pink	FFA6C9	
Carnelian	B31B1B	https://en.wikipedia.org/wiki/Carnelian_(color)
Carolina blue	56A0D3	
Carrot orange	ED9121	https://en.wikipedia.org/wiki/Shades_of_orange#Carrot_orange
Castleton green	00563F	https://en.wikipedia.org/wiki/Shades_of_green#Castleton_green
Catalina blue	062A78	https://en.wikipedia.org/wiki/Shades_of_blue#Catalina_blue
Catawba	703642	https://en.wikipedia.org/wiki/Catawba_(grape)#Catawba_(color)
Cedar Chest	C95A49	https://en.wikipedia.org/wiki/List_of_Crayola_crayon_colors#Magic_Scent
Ceil	92A1CF	https://en.wikipedia.org/wiki/Variations_of_blue#Ceil
Celadon	ACE1AF	https://en.wikipedia.org/wiki/Shades_of_green#Celadon
Celadon blue	007BA7	https://en.wikipedia.org/wiki/Celadon_(color)#Celadon_Blue
Celadon green	2F847C	https://en.wikipedia.org/wiki/Shades_of_green#Celadon_green
Celeste	B2FFFF	https://en.wikipedia.org/wiki/Sky_Blue#Celeste
Celestial blue	4997D0	https://en.wikipedia.org/wiki/Azure_(color)#Celestial_blue
Cerise	DE3163	https://en.wikipedia.org/wiki/Cerise_(color)
Cerise pink	EC3B83	https://en.wikipedia.org/wiki/Cerise_(color)#Cerise_pink
Cerulean	007BA7	
Cerulean blue	2A52BE	https://en.wikipedia.org/wiki/Cerulean#Cerulean_blue
Cerulean frost	6D9BC3	https://en.wikipedia.org/wiki/Cerulean#Cerulean_frost
CG Blue	007AA5	
CG Red	E03C31	
Chamoisee	A0785A	
Champagne	F7E7CE	https://en.wikipedia.org/wiki/Champagne_(color)#Champagne
Charcoal	36454F	https://en.wikipedia.org/wiki/Charcoal_(color)
Charleston green	232B2B	https://en.wikipedia.org/wiki/Shades_of_black_(colors)#Charleston_green
Charm pink	E68FAC	https://en.wikipedia.org/wiki/Shades_of_pink#Charm_pink
Chartreuse (traditional)	DFFF00	https://en.wikipedia.org/wiki/Chartreuse_(color)
Chartreuse (web)	7FFF00	https://en.wikipedia.org/wiki/Chartreuse_(color)
Cherry	DE3163	https://en.wikipedia.org/wiki/Cerise_(color)
Cherry blossom pink	FFB7C5	https://en.wikipedia.org/wiki/Shades_of_pink#Cherry_blossom_pink
Chestnut	954535	https://en.wikipedia.org/wiki/Chestnut_(color)
China pink	DE6FA1	https://en.wikipedia.org/wiki/Shades_of_pink#China_pink
China rose	A8516E	https://en.wikipedia.org/wiki/Rose_(color)#China_rose
Chinese red	AA381E	https://en.wikipedia.org/wiki/Vermilion#Chinese_red_2
Chinese violet	856088	https://en.wikipedia.org/wiki/Shades_of_violet#Chinese_violet
Chocolate (traditional)	7B3F00	https://en.wikipedia.org/wiki/Chocolate_(color)
Chocolate (web)	D2691E	https://en.wikipedia.org/wiki/Chocolate_(color)#Variations_of_chocolate
Chrome yellow	FFA700	
Cinereous	98817B	
Cinnabar	E34234	https://en.wikipedia.org/wiki/Vermilion
Cinnamon	D2691E	
Citrine	E4D00A	https://en.wikipedia.org/wiki/Citrine_(colour)
Citron	9FA91F	https://en.wikipedia.org/wiki/Lemon_(color)#Citron
Claret	7F1734	https://en.wikipedia.org/wiki/Wine_(color)#Claret
Classic rose	FBCCE7	https://en.wikipedia.org/wiki/Rose_(color)#Classic_rose
Cobalt	0047AB	https://en.wikipedia.org/wiki/Cobalt_blue
Cocoa brown	D2691E	https://en.wikipedia.org/wiki/Chocolate_(color)#Variations_of_chocolate
Coconut	965A3E	https://en.wikipedia.org/wiki/List_of_Crayola_crayon_colors#Magic_Scent
Coffee	6F4E37	https://en.wikipedia.org/wiki/Coffee_(color)
Columbia blue	C4D8E2	
Congo pink	F88379	https://en.wikipedia.org/wiki/Shades_of_pink#Congo_pink
Cool black	000000	https://en.wikipedia.org/wiki/Rich_black
Cool grey	8C92AC	
Copper	B87333	https://en.wikipedia.org/wiki/Copper_(color)
Copper (Crayola)	DA8A67	https://en.wikipedia.org/wiki/Copper_(color)#Variations_of_copper
Copper penny	AD6F69	https://en.wikipedia.org/wiki/Copper_(color)#Copper_penny
Copper red	CB6D51	https://en.wikipedia.org/wiki/Copper_(color)#Copper_red
Copper rose	996666	https://en.wikipedia.org/wiki/Copper_(color)#Copper_rose
Coquelicot	FF3800	
Coral	FF7F50	https://en.wikipedia.org/wiki/Coral_(color)
Coral pink	F88379	https://en.wikipedia.org/wiki/Coral_(color)#Coral_pink
Coral red	FF4040	https://en.wikipedia.org/wiki/Coral_(color)#Coral_red
Cordovan	893F45	https://en.wikipedia.org/wiki/Cordovan_(color)
Corn	FBEC5D	https://en.wikipedia.org/wiki/Corn_(color)
Cornell Red	B31B1B	https://en.wikipedia.org/wiki/Shades_of_red#Cornell_Red
Cornflower blue	6495ED	
Cornsilk	FFF8DC	https://en.wikipedia.org/wiki/Shades_of_white#Cornsilk
Cosmic latte	FFF8E7	
Cotton candy	FFBCD9	https://en.wikipedia.org/wiki/Variations_of_pink#Cotton_candy
Cream	FFFDD0	https://en.wikipedia.org/wiki/Cream_(colour)
Crimson	DC143C	
Crimson glory	BE0032	https://en.wikipedia.org/wiki/Crimson#Crimson_glory
Cyan	00FFFF	
Cyan (process)	00B7EB	https://en.wikipedia.org/wiki/Cyan#Process_cyan_(pigment_cyan)_(printer's_cyan)
Cyber grape	58427C	https://en.wikipedia.org/wiki/List_of_Crayola_crayon_colors#Metallic_FX
Cyber yellow	FFD300	https://en.wikipedia.org/wiki/Shades_of_yellow#Cyber_yellow
Daffodil	FFFF31	https://en.wikipedia.org/wiki/Shades_of_yellow#Daffodil
Dandelion	F0E130	https://en.wikipedia.org/wiki/Shades_of_yellow#Dandelion
Dark blue	00008B	https://en.wikipedia.org/wiki/Shades_of_blue#Dark_blue
Dark blue-gray	666699	https://en.wikipedia.org/wiki/Blue-gray#Dark_blue-gray
Dark brown	654321	https://en.wikipedia.org/wiki/Variations_of_brown#Dark_brown
Dark byzantium	5D3954	https://en.wikipedia.org/wiki/Byzantium_(color)#Dark_byzantium
Dark candy apple red	A40000	https://en.wikipedia.org/wiki/Candy_apple_red_(color)#Dark_candy_apple_red
Dark cerulean	08457E	https://en.wikipedia.org/wiki/Cerulean#Dark_cerulean
Dark chestnut	986960	https://en.wikipedia.org/wiki/Chestnut_(color)#Dark_chestnut
Dark coral	CD5B45	https://en.wikipedia.org/wiki/Coral_(color)#Dark_coral
Dark cyan	008B8B	https://en.wikipedia.org/wiki/Variations_of_cyan#Dark_cyan
Dark electric blue	536878	https://en.wikipedia.org/wiki/Electric_blue_(color)#Dark_electric_blue
Dark goldenrod	B8860B	https://en.wikipedia.org/wiki/Goldenrod_(color)#Dark_goldenrod
Dark gray (X11)	A9A9A9	https://en.wikipedia.org/wiki/Variations_of_gray#Dark_medium_gray_(dark_gray_(X11))
Dark green	013220	https://en.wikipedia.org/wiki/Shades_of_green#Dark_green
Dark green (X11)	006400	https://en.wikipedia.org/wiki/Shades_of_green#Dark_green_(X11)
Dark imperial blue	00416A	https://en.wikipedia.org/wiki/Indigo#Dark_imperial_blue
Dark jungle green	1A2421	https://en.wikipedia.org/wiki/Jungle_green#Dark_jungle_green
Dark khaki	BDB76B	https://en.wikipedia.org/wiki/Khaki_(color)#Dark_khaki
Dark lava	483C32	https://en.wikipedia.org/wiki/Lava_(color)#Dark_lava
Dark lavender	734F96	https://en.wikipedia.org/wiki/Lavender_(color)#Dark_lavender
Dark liver	534B4F	https://en.wikipedia.org/wiki/Liver_(color)#Dark_liver_(web)
Dark liver (horses)	543D37	https://en.wikipedia.org/wiki/Liver_(color)#Dark_liver_(horses)
Dark magenta	8B008B	https://en.wikipedia.org/wiki/Variations_of_magenta#Dark_magenta
Dark medium gray	A9A9A9	https://en.wikipedia.org/wiki/Variations_of_gray#Dark_medium_gray_(dark_gray_(X11))
Dark midnight blue	003366	https://en.wikipedia.org/wiki/Midnight_blue#Dark_midnight_blue
Dark moss green	4A5D23	https://en.wikipedia.org/wiki/Moss_green#Dark_moss_green
Dark olive green	556B2F	https://en.wikipedia.org/wiki/Olive_(color)#Dark_olive_green
Dark orange	FF8C00	https://en.wikipedia.org/wiki/Shades_of_orange#Dark_orange_(web_color)
Dark orchid	9932CC	https://en.wikipedia.org/wiki/Orchid_(color)#Dark_orchid
Dark pastel blue	779ECB	https://en.wikipedia.org/wiki/Shades_of_blue#Dark_pastel_blue
Dark pastel green	03C03C	https://en.wikipedia.org/wiki/Shades_of_green#Dark_pastel_green
Dark pastel purple	966FD6	https://en.wikipedia.org/wiki/Shades_of_purple#Dark_pastel_purple
Dark pastel red	C23B22	https://en.wikipedia.org/wiki/Shades_of_red#Dark_pastel_red
Dark pink	E75480	https://en.wikipedia.org/wiki/Variations_of_pink#Dark_pink
Dark powder blue	003399	https://en.wikipedia.org/wiki/Powder_blue#Dark_powder_blue
Dark puce	4F3A3C	https://en.wikipedia.org/wiki/Puce#Dark_puce
Dark raspberry	872657	https://en.wikipedia.org/wiki/Raspberry_(color)#Dark_raspberry
Dark red	8B0000	https://en.wikipedia.org/wiki/Maroon_(color)#Dark_red
Dark salmon	E9967A	https://en.wikipedia.org/wiki/Salmon_(color)#Dark_salmon
Dark scarlet	560319	https://en.wikipedia.org/wiki/Scarlet_(color)#Dark_scarlet
Dark sea green	8FBC8F	https://en.wikipedia.org/wiki/X11_color_names#Color_name_charts
Dark sienna	3C1414	https://en.wikipedia.org/wiki/Sienna
Dark sky blue	8CBED6	https://en.wikipedia.org/wiki/Sky_blue#Dark_sky_blue
Dark slate blue	483D8B	https://en.wikipedia.org/wiki/X11_color_names#Color_name_charts
Dark slate gray	2F4F4F	https://en.wikipedia.org/wiki/Slate_gray#Dark_slate_gray
Dark spring green	177245	https://en.wikipedia.org/wiki/Spring_green#Dark_spring_green
Dark tan	918151	https://en.wikipedia.org/wiki/Tan_(color)#Dark_tan
Dark tangerine	FFA812	https://en.wikipedia.org/wiki/Shades_of_orange#Dark_tangerine
Dark taupe	483C32	https://en.wikipedia.org/wiki/Taupe#Dark_taupe
Dark terra cotta	CC4E5C	https://en.wikipedia.org/wiki/Terracotta#Dark_terra_cotta
Dark turquoise	00CED1	https://en.wikipedia.org/wiki/Turquoise_(color)#Dark_Turquoise
Dark vanilla	D1BEA8	https://en.wikipedia.org/wiki/Vanilla_(color)#Dark_vanilla
Dark violet	9400D3	https://en.wikipedia.org/wiki/Shades_of_violet#Pigment_violet_(web_color_dark_violet)
Dark yellow	9B870C	https://en.wikipedia.org/wiki/Yellow#Dark_yellow
Dartmouth green	00703C	https://en.wikipedia.org/wiki/Shades_of_green#Dartmouth_green
Davy's grey	555555	
Debian red	D70A53	https://en.wikipedia.org/wiki/Debian
Deep carmine	A9203E	https://en.wikipedia.org/wiki/Carmine_(color)#Deep_carmine
Deep carmine pink	EF3038	https://en.wikipedia.org/wiki/Carmine_(color)#Deep_Carmine_Pink
Deep carrot orange	E9692C	https://en.wikipedia.org/wiki/Shades_of_orange#Deep_carrot_orange
Deep cerise	DA3287	https://en.wikipedia.org/wiki/Cerise_(color)#Deep_cerise
Deep champagne	FAD6A5	https://en.wikipedia.org/wiki/Champagne_(color)#Deep_champagne
Deep chestnut	B94E48	https://en.wikipedia.org/wiki/Chestnut_(color)#Deep_chestnut
Deep coffee	704241	https://en.wikipedia.org/wiki/Coffee_(color)#Deep_coffee
Deep fuchsia	C154C1	https://en.wikipedia.org/wiki/Fuchsia_(color)#Deep_fuchsia
Deep jungle green	004B49	https://en.wikipedia.org/wiki/Jungle_green#Deep_jungle_green
Deep lemon	F5C71A	https://en.wikipedia.org/wiki/Lemon_(color)#Deep_lemon
Deep lilac	9955BB	https://en.wikipedia.org/wiki/Lilac_(color)#Deep_lilac
Deep magenta	CC00CC	https://en.wikipedia.org/wiki/Magenta#Deep_magenta
Deep mauve	D473D4	https://en.wikipedia.org/wiki/Mauve#French_mauve_(deep_mauve)
Deep moss green	355E3B	https://en.wikipedia.org/wiki/Moss_green#Deep_moss_green
Deep peach	FFCBA4	https://en.wikipedia.org/wiki/Peach_(color)#Deep_peach
Deep pink	FF1493	https://en.wikipedia.org/wiki/Shades_of_pink#Deep_pink
Deep puce	A95C68	https://en.wikipedia.org/wiki/Puce#Deep_puce
Deep ruby	843F5B	https://en.wikipedia.org/wiki/Ruby_(color)#Deep_ruby
Deep saffron	FF9933	https://en.wikipedia.org/wiki/Saffron_(color)#India_saffron_and_deep_saffron
Deep sky blue	00BFFF	https://en.wikipedia.org/wiki/Sky_blue#Deep_sky_blue
Deep Space Sparkle	4A646C	https://en.wikipedia.org/wiki/List_of_Crayola_crayon_colors#Metallic_FX
Deep Taupe	7E5E60	https://en.wikipedia.org/wiki/Taupe#Deep_taupe
Deep Tuscan red	66424D	https://en.wikipedia.org/wiki/Tuscan_red#Deep_Tuscan_red
Deer	BA8759	https://en.wikipedia.org/wiki/Variations_of_brown#Deer
Denim	1560BD	https://en.wikipedia.org/wiki/List_of_Crayola_crayon_colors#Standard_colors
Desert	C19A6B	https://en.wikipedia.org/wiki/Desert_sand_(color)#Desert
Desert sand	EDC9AF	https://en.wikipedia.org/wiki/Desert_sand_(color)
Desire	EA3C53	https://en.wikipedia.org/wiki/Shades_of_red#Desire
Diamond	B9F2FF	https://en.wikipedia.org/wiki/Shades_of_blue#Diamond
Dim gray	696969	https://en.wikipedia.org/wiki/Grey#Web_colors
Dirt	9B7653	https://en.wikipedia.org/wiki/List_of_Crayola_crayon_colors#Magic_Scent
Dodger blue	1E90FF	
Dogwood rose	D71868	https://en.wikipedia.org/wiki/Rose_(color)#Dogwood_rose
Dollar bill	85BB65	https://en.wikipedia.org/wiki/List_of_Crayola_colored_pencil_colors#Standard_colors
Donkey brown	664C28	https://en.wikipedia.org/wiki/Shades_of_brown
Drab	967117	https://en.wikipedia.org/wiki/Desert_sand_(color)#Sand_dune_(Drab)
Duke blue	00009C	
Dust storm	E5CCC9	https://en.wikipedia.org/wiki/Variations_of_gray#Dust_storm
Dutch white	EFDFBB	https://en.wikipedia.org/wiki/Shades_of_white#Dutch_white
Earth yellow	E1A95F	https://en.wikipedia.org/wiki/Desert_sand_(color)#Earth_yellow
Ebony	555D50	https://en.wikipedia.org/wiki/Shades_of_black_(colors)#Ebony
Ecru	C2B280	
Eerie black	1B1B1B	https://en.wikipedia.org/wiki/Shades_of_black#Eerie_black
Eggplant	614051	https://en.wikipedia.org/wiki/Eggplant_(color)
Eggshell	F0EAD6	https://en.wikipedia.org/wiki/Eggshell_(color)
Egyptian blue	1034A6	
Electric blue	7DF9FF	https://en.wikipedia.org/wiki/Electric_blue_(color)
Electric crimson	FF003F	https://en.wikipedia.org/wiki/Crimson#Electric_crimson
Electric cyan	00FFFF	https://en.wikipedia.org/wiki/Cyan
Electric green	00FF00	
Electric indigo	6F00FF	https://en.wikipedia.org/wiki/Indigo#Electric_indigo
Electric lavender	F4BBFF	https://en.wikipedia.org/wiki/Lavender_(color)#Brilliant_lavender_(electric_lavender)
Electric lime	CCFF00	https://en.wikipedia.org/wiki/Lime_(color)#Electric_lime
Electric purple	BF00FF	https://en.wikipedia.org/wiki/Shades_of_purple#Electric_purple:_2000s
Electric ultramarine	3F00FF	https://en.wikipedia.org/wiki/Ultramarine#Electric_ultramarine
Electric violet	8F00FF	https://en.wikipedia.org/wiki/Shades_of_violet#Electric_violet
Electric yellow	FFFF33	https://en.wikipedia.org/wiki/Shades_of_yellow#Electric_yellow
Emerald	50C878	https://en.wikipedia.org/wiki/Shades_of_green#Emerald
Eminence	6C3082	https://en.wikipedia.org/wiki/Shades_of_purple#Eminence
English green	1B4D3E	https://en.wikipedia.org/wiki/Shades_of_green#Brunswick_green
English lavender	B48395	https://en.wikipedia.org/wiki/Lavender_(color)#English_lavender
English red	AB4B52	https://en.wikipedia.org/wiki/Indian_red_(color)#English_red
English violet	563C5C	https://en.wikipedia.org/wiki/Shades_of_violet#English_violet
Eton blue	96C8A2	https://en.wikipedia.org/wiki/Eton_blue#Eton_blue
Eucalyptus	44D7A8	https://en.wikipedia.org/wiki/List_of_Crayola_crayon_colors#Magic_Scent
Fallow	C19A6B	https://en.wikipedia.org/wiki/Fallow_(color)
Falu red	801818	
Fandango	B53389	https://en.wikipedia.org/wiki/Fuchsia_(color)#Fandango
Fandango pink	DE5285	https://en.wikipedia.org/wiki/Variations_of_pink#Fandango_pink
Fashion fuchsia	F400A1	https://en.wikipedia.org/wiki/Fuchsia_(color)#Fashion_fuchsia
Fawn	E5AA70	https://en.wikipedia.org/wiki/Fawn_(colour)
Feldgrau	4D5D53	https://en.wikipedia.org/wiki/Shades_of_green#Feldgrau
Feldspar	FDD5B1	
Fern green	4F7942	https://en.wikipedia.org/wiki/Shades_of_green#Fern_green
Ferrari Red	FF2800	https://en.wikipedia.org/wiki/Ferrari
Field drab	6C541E	https://en.wikipedia.org/wiki/Desert_sand_(color)#Field_drab
Firebrick	B22222	https://en.wikipedia.org/wiki/X11_color_names#Color_name_charts
Fire engine red	CE2029	
Flame	E25822	https://en.wikipedia.org/wiki/Flame_(color)
Flamingo pink	FC8EAC	https://en.wikipedia.org/wiki/Flamingo
Flattery	6B4423	https://en.wikipedia.org/wiki/Brown#Brown-nose
Flavescent	F7E98E	https://en.wikipedia.org/wiki/Buff_(colour)#Flavescent
Flax	EEDC82	https://en.wikipedia.org/wiki/Flax_(color)
Flirt	A2006D	https://en.wikipedia.org/wiki/Red-violet#Flirt
Floral white	FFFAF0	https://en.wikipedia.org/wiki/Shades_of_white#Floral_white
Fluorescent orange	FFBF00	https://en.wikipedia.org/wiki/List_of_Crayola_colored_pencil_colors#Twistables
Fluorescent pink	FF1493	https://en.wikipedia.org/wiki/List_of_Crayola_colored_pencil_colors#Twistables
Fluorescent yellow	CCFF00	https://en.wikipedia.org/wiki/List_of_Crayola_colored_pencil_colors#Twistables
Folly	FF004F	https://en.wikipedia.org/wiki/Crimson#Folly
Forest green (traditional)	014421	https://en.wikipedia.org/wiki/Shades_of_green#UP_Forest_Green
Forest green (web)	228B22	https://en.wikipedia.org/wiki/Shades_of_green#Forest_green
French beige	A67B5B	https://en.wikipedia.org/wiki/Beige#French_beige
French bistre	856D4D	https://en.wikipedia.org/wiki/Bistre#French_bistre
French blue	0072BB	https://en.wikipedia.org/wiki/Azure_(color)#French_blue
French fuchsia	FD3F92	https://en.wikipedia.org/wiki/Fuchsia_(color)#French_fuchsia
French lilac	86608E	https://en.wikipedia.org/wiki/Lilac_(color)#French_lilac
French lime	9EFD38	https://en.wikipedia.org/wiki/Lime_(color)#French_lime
French mauve	D473D4	https://en.wikipedia.org/wiki/Mauve#French_mauve_(deep_mauve)
French pink	FD6C9E	https://en.wikipedia.org/wiki/Variations_of_pink#French_pink
French plum	811453	https://en.wikipedia.org/wiki/Plum_(color)#French_plum
French puce	4E1609	https://en.wikipedia.org/wiki/Puce#French_puce
French raspberry	C72C48	https://en.wikipedia.org/wiki/Raspberry_(color)#French_raspberry
French rose	F64A8A	https://en.wikipedia.org/wiki/Rose_(color)#French_Rose
French sky blue	77B5FE	https://en.wikipedia.org/wiki/Sky_blue#French_sky_blue
French violet	8806CE	https://en.wikipedia.org/wiki/Shades_of_violet#French_violet
French wine	AC1E44	https://en.wikipedia.org/wiki/Wine_(color)#French_wine
Fresh Air	A6E7FF	https://en.wikipedia.org/wiki/List_of_Crayola_crayon_colors#Magic_Scent
Fuchsia	FF00FF	https://en.wikipedia.org/wiki/Fuchsia_(color)
Fuchsia (Crayola)	C154C1	https://en.wikipedia.org/wiki/Fuchsia_(color)#Deep_fuchsia
Fuchsia pink	FF77FF	https://en.wikipedia.org/wiki/Fuchsia_(color)#Fuchsia_pink_(light_magenta)
Fuchsia purple	CC397B	https://en.wikipedia.org/wiki/Fuchsia_(color)#Fuchsia_purple
Fuchsia rose	C74375	https://en.wikipedia.org/wiki/Rose_(color)#Fuchsia_Rose
Fulvous	E48400	
Fuzzy Wuzzy	CC6666	https://en.wikipedia.org/wiki/List_of_Crayola_crayon_colors#Standard_colors
Gainsboro	DCDCDC	https://en.wikipedia.org/wiki/X11_color_names#Color_names_identical_between_X11_and_HTML/CSS
Gamboge	E49B0F	
Generic viridian	007F66	https://en.wikipedia.org/wiki/Viridian#Generic_viridian
Ghost white	F8F8FF	
Giants orange	FE5A1D	https://en.wikipedia.org/wiki/Shades_of_orange#Giants_orange
Ginger	B06500	
Glaucous	6082B6	
Glitter	E6E8FA	
GO green	00AB66	https://en.wikipedia.org/wiki/Shades_of_green#GO_Transit_green
Gold (metallic)	D4AF37	https://en.wikipedia.org/wiki/Gold_(color)#Gold_(metallic_gold)
Gold (web) (Golden)	FFD700	https://en.wikipedia.org/wiki/Gold_(color)
Gold Fusion	85754E	https://en.wikipedia.org/wiki/List_of_Crayola_crayon_colors#Metallic_FX
Golden brown	996515	https://en.wikipedia.org/wiki/Gold_(color)#Golden_brown
Golden poppy	FCC200	https://en.wikipedia.org/wiki/Gold_(color)#Golden_poppy
Golden yellow	FFDF00	https://en.wikipedia.org/wiki/Gold_(color)#Golden_yellow
Goldenrod	DAA520	https://en.wikipedia.org/wiki/Goldenrod_(color)
Granny Smith Apple	A8E4A0	https://en.wikipedia.org/wiki/List_of_Crayola_crayon_colors
Grape	6F2DA8	https://en.wikipedia.org/wiki/List_of_Crayola_crayon_colors#Magic_Scent
Gray	808080	https://en.wikipedia.org/wiki/Grey
Gray (HTML/CSS gray)	808080	https://en.wikipedia.org/wiki/Variations_of_gray#Gray
Gray (X11 gray)	BEBEBE	https://en.wikipedia.org/wiki/X11_color_names#Color_names
Gray-asparagus	465945	https://en.wikipedia.org/wiki/Shades_of_green#Gray-asparagus
Gray-blue	8C92AC	https://en.wikipedia.org/wiki/Variations_of_gray#Cool_gray
Green (Color Wheel) (X11 green)	00FF00	https://en.wikipedia.org/wiki/Shades_of_green#Green_(RGB)_(X11_green)_(HTML/CSS_lime)_(color_wheel_green)_(electric_green)
Green (Crayola)	1CAC78	https://en.wikipedia.org/wiki/Shades_of_green#Green_(Crayola)
Green (HTML/CSS color)	008000	https://en.wikipedia.org/wiki/Variations_of_green
Green (Munsell)	00A877	https://en.wikipedia.org/wiki/Shades_of_green#Green_(Munsell)
Green (NCS)	009F6B	https://en.wikipedia.org/wiki/Shades_of_green#Green_(NCS)
Green (Pantone)	00AD43	https://en.wikipedia.org/wiki/Shades_of_green#Green_(Pantone)
Green (pigment)	00A550	https://en.wikipedia.org/wiki/Shades_of_green#Green_(CMYK)_(pigment_green)
Green (RYB)	66B032	https://en.wikipedia.org/wiki/RYB_color_model
Green-yellow	ADFF2F	https://en.wikipedia.org/wiki/Shades_of_green#Green-yellow
Grizzly	885818	
Grullo	A99A86	
Guppie green	00FF7F	https://en.wikipedia.org/wiki/List_of_Crayola_colored_pencil_colors
Halayà úbe	663854	https://en.wikipedia.org/wiki/Lavender_(color)#Halayà_úbe
Han blue	446CCF	
Han purple	5218FA	
Hansa yellow	E9D66B	
Harlequin	3FFF00	https://en.wikipedia.org/wiki/Shades_of_green#Harlequin
Harvard crimson	C90016	https://en.wikipedia.org/wiki/Crimson#Harvard_crimson
Harvest gold	DA9100	https://en.wikipedia.org/wiki/Gold_(color)#Harvest_gold
Heart Gold	808000	https://en.wikipedia.org/wiki/Gold
Heliotrope	DF73FF	https://en.wikipedia.org/wiki/Heliotrope_(color)
Heliotrope gray	AA98A9	https://en.wikipedia.org/wiki/Heliotrope_(color)#Heliotrope_gray
Hollywood cerise	F400A1	https://en.wikipedia.org/wiki/Cerise_(color)#Hollywood_cerise
Honeydew	F0FFF0	https://en.wikipedia.org/wiki/Spring_green_(color)#Honeydew
Honolulu blue	006DB0	https://en.wikipedia.org/wiki/Azure_(color)#Honolulu_blue
Hooker's green	49796B	
Hot magenta	FF1DCE	https://en.wikipedia.org/wiki/Variations_of_magenta#Hot_magenta
Hot pink	FF69B4	https://en.wikipedia.org/wiki/Shades_of_pink#Hot_pink
Hunter green	355E3B	https://en.wikipedia.org/wiki/Shades_of_green#Hunter_green
Iceberg	71A6D2	https://en.wikipedia.org/wiki/Blue-gray#Iceberg
Icterine	FCF75E	
Illuminating Emerald	319177	https://en.wikipedia.org/wiki/List_of_Crayola_crayon_colors#Metallic_FX
Imperial	602F6B	https://en.wikipedia.org/wiki/Byzantium_(color)#Imperial
Imperial blue	002395	https://en.wikipedia.org/wiki/Indigo#Imperial_blue
Imperial purple	66023C	https://en.wikipedia.org/wiki/Purple#Tyrian_purple:_Classical_antiquity
Imperial red	ED2939	https://en.wikipedia.org/wiki/Shades_of_red#Imperial_red
Inchworm	B2EC5D	https://en.wikipedia.org/wiki/List_of_Crayola_crayon_colors#Standard_colors
Independence	4C516D	https://en.wikipedia.org/wiki/Shades_of_blue#Independence
India green	138808	https://en.wikipedia.org/wiki/Shades_of_green#India_green
Indian red	CD5C5C	https://en.wikipedia.org/wiki/Indian_red_(color)
Indian yellow	E3A857	
Indigo	6F00FF	https://en.wikipedia.org/wiki/Indigo#Electric_indigo
Indigo dye	091F92	https://en.wikipedia.org/wiki/Indigo#Indigo_dye
Indigo (web)	4B0082	https://en.wikipedia.org/wiki/Indigo#Pigment_indigo_(web_color_indigo)
International Klein Blue	002FA7	
International orange (aerospace)	FF4F00	https://en.wikipedia.org/wiki/International_orange
International orange (engineering)	BA160C	https://en.wikipedia.org/wiki/International_orange#International_orange_(Engineering)
International orange (Golden Gate Bridge)	C0362C	https://en.wikipedia.org/wiki/International_orange#International_orange_(Golden_Gate_Bridge)
Iris	5A4FCF	https://en.wikipedia.org/wiki/Iris_(color)
Irresistible	B3446C	https://en.wikipedia.org/wiki/Cerise_(color)#Irresistible
Isabelline	F4F0EC	https://en.wikipedia.org/wiki/Isabelline_(colour)
Islamic green	009000	https://en.wikipedia.org/wiki/Shades_of_green#Islamic_green
Italian sky blue	B2FFFF	https://en.wikipedia.org/wiki/Sky_blue#Celeste
Ivory	FFFFF0	https://en.wikipedia.org/wiki/Ivory_(color)
Jade	00A86B	https://en.wikipedia.org/wiki/Shades_of_green#Jade
Japanese carmine	9D2933	https://en.wikipedia.org/wiki/Carmine_(color)#Japanese_carmine
Japanese indigo	264348	https://en.wikipedia.org/wiki/Indigo#Japanese_indigo
Japanese violet	5B3256	https://en.wikipedia.org/wiki/Shades_of_violet#Japanese_violet
Jasmine	F8DE7E	https://en.wikipedia.org/wiki/Jasmine_(color)
Jasper	D73B3E	
Jazzberry jam	A50B5E	https://en.wikipedia.org/wiki/Red-violet#Jazzberry_jam
Jelly Bean	DA614E	https://en.wikipedia.org/wiki/List_of_Crayola_crayon_colors#Magic_Scent
Jet	343434	https://en.wikipedia.org/wiki/Shades_of_black_(colors)#Jet
Jonquil	F4CA16	https://en.wikipedia.org/wiki/Jonquil_(color)
Jordy blue	8AB9F1	https://en.wikipedia.org/wiki/Azure_(color)#Jordy_blue
June bud	BDDA57	https://en.wikipedia.org/wiki/Spring_bud#June_bud
Jungle green	29AB87	
Kelly green	4CBB17	https://en.wikipedia.org/wiki/Shades_of_green#Kelly_green
Kenyan copper	7C1C05	https://en.wikipedia.org/wiki/Copper_(color)#Kenyan_copper
Keppel	3AB09E	https://en.wikipedia.org/wiki/Variations_of_cyan#Keppel
Jawad/Chicken Color (HTML/CSS) (Khaki)	C3B091	https://en.wikipedia.org/wiki/Khaki_(color)#Khaki
Khaki (X11) (Light khaki)	F0E68C	https://en.wikipedia.org/wiki/Khaki_(color)#Light_khaki
Kobe	882D17	https://en.wikipedia.org/wiki/Indian_red_(color)#Kobe
Kobi	E79FC4	https://en.wikipedia.org/wiki/Red-violet#Kobi
Kombu green	354230	https://en.wikipedia.org/wiki/Chartreuse_(color)#Kombu_green
KU Crimson	E8000D	https://en.wikipedia.org/wiki/Crimson#KU_Crimson
La Salle Green	087830	https://en.wikipedia.org/wiki/De_La_Salle_University
Languid lavender	D6CADD	https://en.wikipedia.org/wiki/Lavender_(color)#Languid_lavender
Lapis lazuli	26619C	https://en.wikipedia.org/wiki/Azure_(color)#Lapis_lazuli
Laser Lemon	FFFF66	https://en.wikipedia.org/wiki/Lemon_(color)#Laser_lemon
Laurel green	A9BA9D	https://en.wikipedia.org/wiki/Shades_of_green#Laurel_green
Lava	CF1020	https://en.wikipedia.org/wiki/Lava_(color)
Lavender (floral)	B57EDC	https://en.wikipedia.org/wiki/Lavender_(color)#Lavender_(floral)
Lavender (web)	E6E6FA	https://en.wikipedia.org/wiki/Lavender_(color)
Lavender blue	CCCCFF	https://en.wikipedia.org/wiki/Lavender_(color)#Lavender_blue
Lavender blush	FFF0F5	https://en.wikipedia.org/wiki/Lavender_(color)#Lavender_blush
Lavender gray	C4C3D0	https://en.wikipedia.org/wiki/Lavender_(color)#Lavender_gray
Lavender indigo	9457EB	https://en.wikipedia.org/wiki/Lavender_(color)#Lavender_indigo
Lavender magenta	EE82EE	https://en.wikipedia.org/wiki/Lavender_(color)#Lavender_magenta_(web_color_"light_violet")
Lavender mist	E6E6FA	https://en.wikipedia.org/wiki/Lavender_(color)#Lavender_mist
Lavender pink	FBAED2	https://en.wikipedia.org/wiki/Lavender_(color)#Lavender_pink
Lavender purple	967BB6	https://en.wikipedia.org/wiki/Lavender_(color)#Lavender_purple_(purple_mountain_majesty)
Lavender rose	FBA0E3	https://en.wikipedia.org/wiki/Lavender_(color)#Lavender_rose
Lawn green	7CFC00	https://en.wikipedia.org/wiki/Chartreuse_(color)#Lawn_green
Lemon	FFF700	https://en.wikipedia.org/wiki/Lemon_(color)
Lemon chiffon	FFFACD	
Lemon curry	CCA01D	https://en.wikipedia.org/wiki/Lemon_(color)#Lemon_curry
Lemon glacier	FDFF00	https://en.wikipedia.org/wiki/Lemon_(color)#Lemon_glacier
Lemon lime	E3FF00	
Lemon meringue	F6EABE	https://en.wikipedia.org/wiki/Lemon_(color)#Lemon_meringue
Lemon yellow	FFF44F	https://en.wikipedia.org/wiki/Lemon_(color)#Lemon_yellow
Licorice	1A1110	https://en.wikipedia.org/wiki/Shades_of_black_(colors)#Licorice
Liberty	545AA7	https://en.wikipedia.org/wiki/Variations_of_blue#Liberty
Light apricot	FDD5B1	https://en.wikipedia.org/wiki/Apricot_(color)#Light_apricot
Light blue	ADD8E6	https://en.wikipedia.org/wiki/Blue#Light_blue
Light brown	B5651D	
Light carmine pink	E66771	https://en.wikipedia.org/wiki/Carmine_(color)#Light_Carmine_Pink
Light coral	F08080	https://en.wikipedia.org/wiki/Coral_(color)#Light_coral
Light cornflower blue	93CCEA	https://en.wikipedia.org/wiki/Cornflower_blue#Light_cornflower_blue
Light crimson	F56991	https://en.wikipedia.org/wiki/Crimson#Light_Crimson
Light cyan	E0FFFF	https://en.wikipedia.org/wiki/Cyan#Light_cyan
Light deep pink	FF5CCD	https://en.wikipedia.org/wiki/Variations_of_pink#Light_deep_pink
Light French beige	C8AD7F	https://en.wikipedia.org/wiki/Beige#Light_French_beige
Light fuchsia pink	F984EF	https://en.wikipedia.org/wiki/Fuchsia_(color)#Light_fuchsia_pink_(pale_magenta)
Light goldenrod yellow	FAFAD2	https://en.wikipedia.org/wiki/Goldenrod_(color)#Light_goldenrod_yellow
Light gray	D3D3D3	https://en.wikipedia.org/wiki/Grey#Web_colors
Light green	90EE90	https://en.wikipedia.org/wiki/X11_color_names#Color_names
Light hot pink	FFB3DE	https://en.wikipedia.org/wiki/Variations_of_pink#Light_hot_pink
Light khaki	F0E68C	https://en.wikipedia.org/wiki/Khaki_(color)#Light_khaki
Light medium orchid	D39BCB	https://en.wikipedia.org/wiki/Orchid_(color)#Light_medium_orchid
Light moss green	ADDFAD	https://en.wikipedia.org/wiki/Moss_green#Light_moss_green
Light orchid	E6A8D7	https://en.wikipedia.org/wiki/Orchid_(color)#Light_orchid
Light pastel purple	B19CD9	https://en.wikipedia.org/wiki/Purple#Light_pastel_purple
Light pink	FFB6C1	https://en.wikipedia.org/wiki/Pink#Light_pink
Light red ochre	E97451	https://en.wikipedia.org/wiki/Ochre
Light salmon	FFA07A	https://en.wikipedia.org/wiki/Salmon_(color)#Light_salmon
Light salmon pink	FF9999	https://en.wikipedia.org/wiki/Salmon_pink#Light_salmon_pink
Light sea green	20B2AA	https://en.wikipedia.org/wiki/Cyan#Light_sea_green
Light sky blue	87CEFA	https://en.wikipedia.org/wiki/Sky_blue#Light_sky_blue
Light slate gray	778899	https://en.wikipedia.org/wiki/Slate_gray#Light_slate_gray
Light steel blue	B0C4DE	https://en.wikipedia.org/wiki/X11_color_names#Color_name_charts
Light taupe	B38B6D	https://en.wikipedia.org/wiki/Taupe#Light_taupe
Light Thulian pink	E68FAC	https://en.wikipedia.org/wiki/Rose_(color)#Light_Thulian_Pink
Light yellow	FFFFE0	https://en.wikipedia.org/wiki/Shades_of_yellow#Light_yellow
Lilac	C8A2C8	https://en.wikipedia.org/wiki/Lilac_(color)
Lime (color wheel)	BFFF00	https://en.wikipedia.org/wiki/Lime_(color)
Lime (web) (X11 green)	00FF00	https://en.wikipedia.org/wiki/Lime_(color)#Web_color_"lime"_(X11_Green)
Lime green	32CD32	https://en.wikipedia.org/wiki/Lime_(color)#Lime_green
Limerick	9DC209	https://en.wikipedia.org/wiki/Chartreuse_(color)#Limerick
Lincoln green	195905	
Linen	FAF0E6	https://en.wikipedia.org/wiki/Linen_(color)
Lion	C19A6B	https://en.wikipedia.org/wiki/Lion_(color)
Liseran Purple	DE6FA1	https://en.wikipedia.org/wiki/Shades_of_purple#Liseran_purple
Little boy blue	6CA0DC	https://en.wikipedia.org/wiki/Baby_blue#Little_boy_blue
Liver	674C47	https://en.wikipedia.org/wiki/Liver_(color)
Liver (dogs)	B86D29	https://en.wikipedia.org/wiki/Liver_(color)#Liver_(dogs)
Liver (organ)	6C2E1F	https://en.wikipedia.org/wiki/Liver_(color)#Liver_(organ)
Liver chestnut	987456	https://en.wikipedia.org/wiki/Liver_(color)#Liver_(organ)
Livid	6699CC	https://en.wikipedia.org/wiki/Blue-gray
Lumber	FFE4CD	https://en.wikipedia.org/wiki/List_of_Crayola_crayon_colors#Magic_Scent
Lust	E62020	https://en.wikipedia.org/wiki/Shades_of_red#Lust
Magenta	FF00FF	
Magenta (Crayola)	FF55A3	https://en.wikipedia.org/wiki/Variations_of_magenta#Magenta_(Crayola)
Magenta (dye)	CA1F7B	https://en.wikipedia.org/wiki/Magenta#Historical_development_of_magenta
Magenta (Pantone)	D0417E	https://en.wikipedia.org/wiki/Variations_of_magenta#Magenta_(Pantone)
Magenta (process)	FF0090	https://en.wikipedia.org/wiki/Magenta#Historical_development_of_magenta
Magenta haze	9F4576	https://en.wikipedia.org/wiki/Variations_of_magenta#Magenta_haze
Magic mint	AAF0D1	https://en.wikipedia.org/wiki/Spring_green_(color)#Magic_mint
Magnolia	F8F4FF	https://en.wikipedia.org/wiki/Magnolia_(color)
Mahogany	C04000	https://en.wikipedia.org/wiki/Mahogany_(color)
Maize	FBEC5D	https://en.wikipedia.org/wiki/Maize_(color)
Majorelle Blue	6050DC	
Malachite	0BDA51	https://en.wikipedia.org/wiki/Shades_of_green#Malachite
Manatee	979AAA	https://en.wikipedia.org/wiki/List_of_Crayola_crayon_colors#Standard_colors
Mango Tango	FF8243	https://en.wikipedia.org/wiki/List_of_Crayola_crayon_colors#Standard_colors
Mantis	74C365	https://en.wikipedia.org/wiki/Shades_of_green#Mantis
Mardi Gras	880085	https://en.wikipedia.org/wiki/Shades_of_purple#Mardi_Gras
Maroon (Crayola)	C32148	https://en.wikipedia.org/wiki/Maroon_(color)#Maroon_(Crayola)
Maroon (HTML/CSS)	800000	https://en.wikipedia.org/wiki/Maroon_(color)
Maroon (X11)	B03060	https://en.wikipedia.org/wiki/Maroon_(color)
Mauve	E0B0FF	
Mauve taupe	915F6D	https://en.wikipedia.org/wiki/Taupe#Mauve_taupe
Mauvelous	EF98AA	https://en.wikipedia.org/wiki/List_of_Crayola_crayon_colors#Standard_colors
May green	4C9141	https://en.wikipedia.org/wiki/Spring_bud#May_green
Maya blue	73C2FB	https://en.wikipedia.org/wiki/Maya_Blue
Meat brown	E5B73B	https://en.wikipedia.org/wiki/List_of_Crayola_colored_pencil_colors#Standard_colors
Medium aquamarine	66DDAA	https://en.wikipedia.org/wiki/Aquamarine_(color)#Medium_aquamarine
Medium blue	0000CD	https://en.wikipedia.org/wiki/Dark_blue_(color)#Medium_blue
Medium candy apple red	E2062C	https://en.wikipedia.org/wiki/Candy_apple_red_(color)#Medium_candy_apple_red
Medium carmine	AF4035	https://en.wikipedia.org/wiki/Carmine_(color)#Medium_Carmine
Medium champagne	F3E5AB	https://en.wikipedia.org/wiki/Champagne_(color)#Medium_champagne
Medium electric blue	035096	https://en.wikipedia.org/wiki/Electric_blue_(color)#Medium_electric_blue
Medium jungle green	1C352D	https://en.wikipedia.org/wiki/Jungle_green#Medium_jungle_green
Medium lavender magenta	DDA0DD	https://en.wikipedia.org/wiki/Lavender_(color)#Medium_lavender_magenta_(web_color_plum)
Medium orchid	BA55D3	https://en.wikipedia.org/wiki/X11_color_names#Color_names
Medium Persian blue	0067A5	https://en.wikipedia.org/wiki/Persian_blue#Medium_Persian_blue
Medium purple	9370DB	https://en.wikipedia.org/wiki/Shades_of_purple#Medium_purple_(X11)
Medium red-violet	BB3385	https://en.wikipedia.org/wiki/Red-violet#Medium_red-violet
Medium ruby	AA4069	https://en.wikipedia.org/wiki/Ruby_(color)#Medium_ruby
Medium sea green	3CB371	https://en.wikipedia.org/wiki/Spring_green_(color)#Medium_sea_green
Medium sky blue	80DAEB	https://en.wikipedia.org/wiki/Sky_blue#Medium_sky_blue
Medium slate blue	7B68EE	https://en.wikipedia.org/wiki/X11_color_names#Color_names
Medium spring bud	C9DC87	https://en.wikipedia.org/wiki/Spring_bud#Medium_spring_bud
Medium spring green	00FA9A	https://en.wikipedia.org/wiki/Spring_green_(color)#Medium_spring_green
Medium taupe	674C47	https://en.wikipedia.org/wiki/Taupe#Medium_taupe
Medium turquoise	48D1CC	https://en.wikipedia.org/wiki/Turquoise_(color)#Medium_Turquoise
Medium Tuscan red	79443B	https://en.wikipedia.org/wiki/Tuscan_red#Medium_Tuscan_red
Medium vermilion	D9603B	https://en.wikipedia.org/wiki/Vermilion#Medium_vermilion
Medium violet-red	C71585	https://en.wikipedia.org/wiki/Red-violet
Mellow apricot	F8B878	https://en.wikipedia.org/wiki/Apricot_(color)#Mellow_apricot
Mellow yellow	F8DE7E	https://en.wikipedia.org/wiki/Shades_of_yellow#Mellow_yellow
Melon	FDBCB4	https://en.wikipedia.org/wiki/Variations_of_orange#Melon
Metallic Seaweed	0A7E8C	https://en.wikipedia.org/wiki/List_of_Crayola_crayon_colors#Metallic_FX
Metallic Sunburst	9C7C38	https://en.wikipedia.org/wiki/List_of_Crayola_crayon_colors#Metallic_FX
Mexican pink	E4007C	
Midnight blue	191970	
Midnight green (eagle green)	004953	https://en.wikipedia.org/wiki/Shades_of_green#Midnight_green
Mikado yellow	FFC40C	
Mindaro	E3F988	https://en.wikipedia.org/wiki/Chartreuse_(color)#Mindaro
Mint	3EB489	https://en.wikipedia.org/wiki/Spring_green_(color)#Mint
Mint cream	F5FFFA	https://en.wikipedia.org/wiki/Spring_green_(color)#Mint_cream
Mint green	98FF98	https://en.wikipedia.org/wiki/Spring_green_(color)#Mint_green
Misty rose	FFE4E1	https://en.wikipedia.org/wiki/Rose_(color)#Misty_Rose
Moccasin	FAEBD7	
Mode beige	967117	https://en.wikipedia.org/wiki/Beige#Mode_beige
Moonstone blue	73A9C2	https://en.wikipedia.org/wiki/Moonstone_(gemstone)
Mordant red 19	AE0C00	
Moss green	8A9A5B	
Mountain Meadow	30BA8F	https://en.wikipedia.org/wiki/List_of_Crayola_crayon_colors#Standard_colors
Mountbatten pink	997A8D	
MSU Green	18453B	https://en.wikipedia.org/wiki/Shades_of_green#MSU_green
Mughal green	306030	https://en.wikipedia.org/wiki/Moss_green#Mughal_green
Mulberry	C54B8C	https://en.wikipedia.org/wiki/Shades_of_purple#Mulberry
Mustard	FFDB58	https://en.wikipedia.org/wiki/Mustard_(color)
Myrtle green	317873	https://en.wikipedia.org/wiki/Shades_of_green#Myrtle_green
Nadeshiko pink	F6ADC6	https://en.wikipedia.org/wiki/Carnation_pink#Nadeshiko_pink
Napier green	2A8000	https://en.wikipedia.org/wiki/British_racing_green
Naples yellow	FADA5E	
Navajo white	FFDEAD	
Navy	000080	https://en.wikipedia.org/wiki/Navy_blue
Navy purple	9457EB	https://en.wikipedia.org/wiki/Lavender_(color)#Navy_purple
Neon Carrot	FFA343	https://en.wikipedia.org/wiki/List_of_Crayola_crayon_colors#Standard_colors
Neon fuchsia	FE4164	https://en.wikipedia.org/wiki/Fuchsia_(color)#Neon_fuchsia
Neon green	39FF14	https://en.wikipedia.org/wiki/Shades_of_green#Neon_green
New Car	214FC6	https://en.wikipedia.org/wiki/List_of_Crayola_crayon_colors#Magic_Scent
New York pink	D7837F	https://en.wikipedia.org/wiki/Shades_of_pink#New_York_pink
Non-photo blue	A4DDED	
Nyanza	E9FFDB	https://en.wikipedia.org/wiki/Chartreuse_(color)#Nyanza
Ocean Boat Blue	0077BE	https://en.wikipedia.org/wiki/Azure_(color)#Ocean_boat_blue
Ochre	CC7722	
Office green	008000	https://en.wikipedia.org/wiki/Shades_of_green#Office_green
Old burgundy	43302E	https://en.wikipedia.org/wiki/Burgundy_(color)#Old_burgundy
Old gold	CFB53B	
Old heliotrope	563C5C	https://en.wikipedia.org/wiki/Heliotrope_(color)
Old lace	FDF5E6	https://en.wikipedia.org/wiki/Old_lace_(color)
Old lavender	796878	https://en.wikipedia.org/wiki/Lavender_(color)#Old_lavender
Old mauve	673147	https://en.wikipedia.org/wiki/Mauve#Old_mauve
Old moss green	867E36	https://en.wikipedia.org/wiki/Shades_of_green#Old_moss_green
Old rose	C08081	https://en.wikipedia.org/wiki/Rose_(color)#Old_Rose
Old silver	848482	https://en.wikipedia.org/wiki/Silver_(color)#Old_silver
Olive	808000	https://en.wikipedia.org/wiki/Olive_(color)
Olive Drab (#3)	6B8E23	https://en.wikipedia.org/wiki/Olive_(color)#Olive_drab
Olive Drab #7	3C341F	https://en.wikipedia.org/wiki/Olive_(color)#Olive_drab
Olivine	9AB973	https://en.wikipedia.org/wiki/Olive_(color)#Olivine
Onyx	353839	https://en.wikipedia.org/wiki/Shades_of_black_(colors)#Onyx
Opera mauve	B784A7	https://en.wikipedia.org/wiki/Mauve#Opera_mauve
Orange (color wheel)	FF7F00	https://en.wikipedia.org/wiki/Shades_of_orange#Orange_(color_wheel)
Orange (Crayola)	FF7538	https://en.wikipedia.org/wiki/Shades_of_orange#Orange_(Crayola)
Orange (Pantone)	FF5800	https://en.wikipedia.org/wiki/Shades_of_orange#Orange_(Pantone)
Orange (RYB)	FB9902	https://en.wikipedia.org/wiki/RYB_color_model
Orange (web)	FFA500	https://en.wikipedia.org/wiki/Shades_of_orange#Orange_(web_color)
Orange peel	FF9F00	https://en.wikipedia.org/wiki/Shades_of_orange#Orange_peel
Orange-red	FF4500	https://en.wikipedia.org/wiki/Vermilion#Orange-red
Orchid	DA70D6	https://en.wikipedia.org/wiki/Orchid_(colour)
Orchid pink	F2BDCD	https://en.wikipedia.org/wiki/Orchid_(colour)#Orchid_pink
Orioles orange	FB4F14	https://en.wikipedia.org/wiki/Shades_of_orange
Otter brown	654321	https://en.wikipedia.org/wiki/Brown#Otter_brown
Outer Space	414A4C	https://en.wikipedia.org/wiki/Shades_of_black#Outer_space
Outrageous Orange	FF6E4A	https://en.wikipedia.org/wiki/List_of_Crayola_crayon_colors#Standard_colors
Oxford Blue	002147	https://en.wikipedia.org/wiki/Oxford_University
OU Crimson Red	990000	https://en.wikipedia.org/wiki/Shades_of_red#OU_Crimson
Pakistan green	006600	https://en.wikipedia.org/wiki/Shades_of_green#Pakistan_green
Palatinate blue	273BE2	https://en.wikipedia.org/wiki/Palatinate_(colour)#Palatinate_Blue
Palatinate purple	682860	https://en.wikipedia.org/wiki/Palatinate_(colour)#Palatinate_Purple
Pale aqua	BCD4E6	https://en.wikipedia.org/wiki/Aqua_(color)#Pale_aqua
Pale blue	AFEEEE	
Pale brown	987654	https://en.wikipedia.org/wiki/Brown#Pale_brown
Pale carmine	AF4035	
Pale cerulean	9BC4E2	https://en.wikipedia.org/wiki/Cerulean#Pale_cerulean
Pale chestnut	DDADAF	
Pale copper	DA8A67	https://en.wikipedia.org/wiki/Copper_(color)#Pale_copper
Pale cornflower blue	ABCDEF	
Pale gold	E6BE8A	https://en.wikipedia.org/wiki/Gold_(color)#Pale_gold
Pale goldenrod	EEE8AA	https://en.wikipedia.org/wiki/Goldenrod_(color)#Pale_goldenrod
Pale green	98FB98	https://en.wikipedia.org/wiki/Shades_of_green#Pale_green
Pale lavender	DCD0FF	https://en.wikipedia.org/wiki/Lavender_(color)#Pale_Lavender
Pale magenta	F984E5	https://en.wikipedia.org/wiki/Variations_of_magenta#Pale_magenta_(light_fuchsia_pink)
Pale pink	FADADD	https://en.wikipedia.org/wiki/Shades_of_pink#Pale_pink
Pale plum	DDA0DD	https://en.wikipedia.org/wiki/Plum_(color)#Pale_plum
Pale red-violet	DB7093	https://en.wikipedia.org/wiki/Red-violet#Pale_red-violet
Pale robin egg blue	96DED1	https://en.wikipedia.org/wiki/Robin_egg_blue#Pale_robin_egg_blue
Pale silver	C9C0BB	https://en.wikipedia.org/wiki/Silver_(color)#Pale_silver
Pale spring bud	ECEBBD	https://en.wikipedia.org/wiki/Spring_bud#Pale_spring_bud
Pale taupe	BC987E	https://en.wikipedia.org/wiki/Taupe#Pale_taupe_(mouse)
Pale turquoise	AFEEEE	https://en.wikipedia.org/wiki/Turquoise_(color)#Pale_turquoise
Pale violet-red	DB7093	https://en.wikipedia.org/wiki/Red-violet
Pansy purple	78184A	https://en.wikipedia.org/wiki/Purple#Pansy_purple
Paolo Veronese green	009B7D	https://en.wikipedia.org/wiki/Viridian#Paolo_Veronese_green
Papaya whip	FFEFD5	https://en.wikipedia.org/wiki/Shades_of_orange#Papaya_whip
Paradise pink	E63E62	https://en.wikipedia.org/wiki/Variations_of_pink#Paradise_pink
Paris Green	50C878	
Pastel blue	AEC6CF	https://en.wikipedia.org/wiki/Blue#Pastel_blue
Pastel brown	836953	https://en.wikipedia.org/wiki/Brown#Pastel_brown
Pastel gray	CFCFC4	https://en.wikipedia.org/wiki/Grey#Pastel_gray
Pastel green	77DD77	
Pastel magenta	F49AC2	https://en.wikipedia.org/wiki/Magenta#Pastel_magenta
Pastel orange	FFB347	https://en.wikipedia.org/wiki/Orange_(colour)#Pastel_orange
Pastel pink	DEA5A4	https://en.wikipedia.org/wiki/Shades_of_pink#Pastel_pink
Pastel purple	B39EB5	https://en.wikipedia.org/wiki/Purple#Pastel_purple
Pastel red	FF6961	https://en.wikipedia.org/wiki/Shades_of_red#Pastel_red
Pastel violet	CB99C9	https://en.wikipedia.org/wiki/Violet_(color)#Pastel_violet
Pastel yellow	FDFD96	https://en.wikipedia.org/wiki/Shades_of_yellow#Pastel_yellow
Patriarch	800080	https://en.wikipedia.org/wiki/Shades_of_purple#Purple_(HTML/CSS_color)_(patriarch)
Payne's grey	536878	
Peach	FFE5B4	https://en.wikipedia.org/wiki/Peach_(color)
Peach	FFCBA4	https://en.wikipedia.org/wiki/Peach_(color)#(Crayola)
Peach-orange	FFCC99	https://en.wikipedia.org/wiki/Peach_(color)#Peach-orange
Peach puff	FFDAB9	https://en.wikipedia.org/wiki/Peach_(color)#Peach_puff
Peach-yellow	FADFAD	https://en.wikipedia.org/wiki/Peach_(color)#Peach-yellow
Pear	D1E231	https://en.wikipedia.org/wiki/Chartreuse_(color)#Pear
Pearl	EAE0C8	https://en.wikipedia.org/wiki/Pearl_(color)
Pearl Aqua	88D8C0	https://en.wikipedia.org/wiki/Aqua_(color)
Pearly purple	B768A2	https://en.wikipedia.org/wiki/Shades_of_purple#Pearly_purple
Peridot	E6E200	
Periwinkle	CCCCFF	https://en.wikipedia.org/wiki/Periwinkle_(color)
Persian blue	1C39BB	
Persian green	00A693	https://en.wikipedia.org/wiki/Shades_of_green#Persian_green
Persian indigo	32127A	https://en.wikipedia.org/wiki/Persian_blue#Persian_indigo
Persian orange	D99058	
Persian pink	F77FBE	https://en.wikipedia.org/wiki/Rose_(color)#Persian_Pink
Persian plum	701C1C	https://en.wikipedia.org/wiki/Plum_(color)#Persian_plum_(prune)
Persian red	CC3333	
Persian rose	FE28A2	https://en.wikipedia.org/wiki/Rose_(color)#Persian_Rose
Persimmon	EC5800	https://en.wikipedia.org/wiki/Shades_of_orange#Persimmon
Peru	CD853F	https://en.wikipedia.org/wiki/Brown#Peru
Phlox	DF00FF	https://en.wikipedia.org/wiki/Shades_of_purple#Psychedelic_purple_(phlox)
Phthalo blue	000F89	https://en.wikipedia.org/wiki/Phthalocyanine_Blue_BN
Phthalo green	123524	https://en.wikipedia.org/wiki/Phthalocyanine_Green_G
Picton blue	45B1E8	https://en.wikipedia.org/wiki/Azure_(color)#Picton_blue
Pictorial carmine	C30B4E	https://en.wikipedia.org/wiki/Carmine_(color)#Pictorial_carmine
Piggy pink	FDDDE6	https://en.wikipedia.org/wiki/Variations_of_pink#Piggy_pink
Pine green	01796F	https://en.wikipedia.org/wiki/Shades_of_green#Pine_green
Pineapple	563C5C	https://en.wikipedia.org/wiki/Pineapple#Pineapple
Pink	FFC0CB	
Pink (Pantone)	D74894	https://en.wikipedia.org/wiki/Variations_of_pink#Pink_(Pantone)
Pink lace	FFDDF4	https://en.wikipedia.org/wiki/Shades_of_pink#Pink_lace
Pink lavender	D8B2D1	https://en.wikipedia.org/wiki/Lavender_(color)#Pink_lavender
Pink pearl	E7ACCF	https://en.wikipedia.org/wiki/Pearl
Pink Sherbet	F78FA7	https://en.wikipedia.org/wiki/List_of_Crayola_crayon_colors
Pistachio	93C572	https://en.wikipedia.org/wiki/Chartreuse_(color)#Pistachio
Platinum	E5E4E2	https://en.wikipedia.org/wiki/Platinum_(color)
Plum	8E4585	https://en.wikipedia.org/wiki/Plum_(color)
Plum (web)	DDA0DD	https://en.wikipedia.org/wiki/Plum_(color)#Pale_plum
Pomp and Power	86608E	https://en.wikipedia.org/wiki/Shades_of_purple#Pomp_and_Power
Popstar	BE4F62	https://en.wikipedia.org/wiki/Red-violet#Popstar
Portland Orange	FF5A36	
Powder blue	B0E0E6	
Princeton orange	F58025	https://en.wikipedia.org/wiki/Shades_of_orange#Princeton_orange
Prune	701C1C	https://en.wikipedia.org/wiki/Plum_(color)#Persian_plum_(prune)
Prussian blue	003153	
Psychedelic purple	DF00FF	https://en.wikipedia.org/wiki/Shades_of_purple#Psychedelic_purple_(phlox)
Puce	CC8899	
Puce red	722F37	https://en.wikipedia.org/wiki/Puce#Puce_red
Pullman Brown (UPS Brown)	644117	https://en.wikipedia.org/wiki/Brown#Business
Pumpkin	FF7518	https://en.wikipedia.org/wiki/Pumpkin_(color)
Purple (HTML)	800080	https://en.wikipedia.org/wiki/Purple#Purple_(HTML/CSS_color)_(patriarch)
Purple (Munsell)	9F00C5	https://en.wikipedia.org/wiki/Shades_of_purple#Purple_(Munsell)
Purple (X11)	A020F0	https://en.wikipedia.org/wiki/Shades_of_purple#Purple_(X11_color)_(veronica)
Purple Heart	69359C	
Purple mountain majesty	9678B6	https://en.wikipedia.org/wiki/Lavender_(color)#Lavender_purple_(purple_mountain_majesty)
Purple navy	4E5180	https://en.wikipedia.org/wiki/Navy_blue#Purple_navy
Purple pizzazz	FE4EDA	https://en.wikipedia.org/wiki/Variations_of_magenta#Purple_pizzazz
Purple taupe	50404D	https://en.wikipedia.org/wiki/Taupe#Purple_taupe
Purpureus	9A4EAE	https://en.wikipedia.org/wiki/Shades_of_purple#Purpureus
Quartz	51484F	
Queen blue	436B95	https://en.wikipedia.org/wiki/Royal_blue#Queen_blue
Queen pink	E8CCD7	https://en.wikipedia.org/wiki/Variations_of_pink#Queen_pink
Quinacridone magenta	8E3A59	https://en.wikipedia.org/wiki/Variations_of_magenta#Quinacridone_magenta
Rackley	5D8AA8	
Radical Red	FF355E	https://en.wikipedia.org/wiki/Amaranth_(color)#Radical_red_(bright_amaranth_pink)
Rajah	FBAB60	https://en.wikipedia.org/wiki/Saffron_(color)#Rajah
Raspberry	E30B5D	https://en.wikipedia.org/wiki/Raspberry_(color)
Raspberry glace	915F6D	https://en.wikipedia.org/wiki/Raspberry_(color)#Raspberry_glace
Raspberry pink	E25098	https://en.wikipedia.org/wiki/Raspberry_(color)#Raspberry_pink
Raspberry rose	B3446C	https://en.wikipedia.org/wiki/Raspberry_(color)#Raspberry_rose
Raw umber	826644	https://en.wikipedia.org/wiki/Umber#Raw_umber
Razzle dazzle rose	FF33CC	https://en.wikipedia.org/wiki/Rose_(color)#Razzle_Dazzle_Rose
Razzmatazz	E3256B	https://en.wikipedia.org/wiki/Rose_(color)#Razzmatazz
Razzmic Berry	8D4E85	https://en.wikipedia.org/wiki/List_of_Crayola_crayon_colors#Metallic_FX
Red	FF0000	
Red (Crayola)	EE204D	https://en.wikipedia.org/wiki/Shades_of_red#Red_(Crayola)
Red (Munsell)	F2003C	https://en.wikipedia.org/wiki/Shades_of_red#Red_(Munsell)
Red (NCS)	C40233	https://en.wikipedia.org/wiki/Shades_of_red#Red_(NCS)_(psychological_primary_red)
Red (Pantone)	ED2939	https://en.wikipedia.org/wiki/Shades_of_red#Red_(Pantone)
Red (pigment)	ED1C24	https://en.wikipedia.org/wiki/Shades_of_red#Pigment_red
Red (RYB)	FE2712	https://en.wikipedia.org/wiki/RYB_color_model
Red-brown	A52A2A	https://en.wikipedia.org/wiki/Brown#Red-brown_(web_color_"brown")
Red devil	860111	https://en.wikipedia.org/wiki/Crimson#Red_devil
Red-orange	FF5349	https://en.wikipedia.org/wiki/Vermilion#Red-orange
Red-purple	E40078	https://en.wikipedia.org/wiki/Red-violet#Red-purple
Red-violet	C71585	
Redwood	A45A52	https://en.wikipedia.org/wiki/Redwood_(color)
Regalia	522D80	
Resolution blue	002387	https://en.wikipedia.org/wiki/Shades_of_blue#Resolution_blue
Rhythm	777696	https://en.wikipedia.org/wiki/Blue-gray#Rhythm
Rich black	004040	
Rich brilliant lavender	F1A7FE	https://en.wikipedia.org/wiki/Lavender_(color)#Rich_brilliant_lavender
Rich carmine	D70040	https://en.wikipedia.org/wiki/Carmine_(color)#Rich_Carmine
Rich electric blue	0892D0	https://en.wikipedia.org/wiki/Electric_blue_(color)#Rich_electric_blue
Rich lavender	A76BCF	https://en.wikipedia.org/wiki/Lavender_(color)#Rich_Lavender_(deep_floral_lavender)
Rich lilac	B666D2	https://en.wikipedia.org/wiki/Lilac_(color)#Rich_lilac
Rich maroon	B03060	https://en.wikipedia.org/wiki/Maroon_(color)#Rich_maroon_(maroon_(X11))
Rifle green	444C38	https://en.wikipedia.org/wiki/Shades_of_green#Rifle_green
Roast coffee	704241	https://en.wikipedia.org/wiki/Coffee_(color)#Roast_coffee
Robin egg blue	00CCCC	
Rocket metallic	8A7F80	https://en.wikipedia.org/wiki/Variations_of_gray#Rocket_metallic
Roman silver	838996	https://en.wikipedia.org/wiki/Silver_(color)#Roman_silver
Rose	FF007F	https://en.wikipedia.org/wiki/Rose_(color)
Rose bonbon	F9429E	https://en.wikipedia.org/wiki/Rose_(color)#Rose_Bonbon
Rose ebony	674846	https://en.wikipedia.org/wiki/Rose_(color)#Rose_Ebony
Rose gold	B76E79	https://en.wikipedia.org/wiki/Rose_(color)#Rose_Gold
Rose madder	E32636	https://en.wikipedia.org/wiki/Alizarin
Rose pink	FF66CC	https://en.wikipedia.org/wiki/Rose_(color)#Rose_Pink
Rose quartz	AA98A9	https://en.wikipedia.org/wiki/Rose_(color)#Rose_Quartz
Rose red	C21E56	https://en.wikipedia.org/wiki/Rose_(color)#Rose_Red
Rose taupe	905D5D	https://en.wikipedia.org/wiki/Taupe#Rose_taupe
Rose vale	AB4E52	https://en.wikipedia.org/wiki/Rose_(color)#Rose_Vale
Rosewood	65000B	https://en.wikipedia.org/wiki/Rose_(color)#Rosewood
Rosso corsa	D40000	
Rosy brown	BC8F8F	https://en.wikipedia.org/wiki/Rose_(color)#Rosy_Brown
Royal azure	0038A8	https://en.wikipedia.org/wiki/Azure_(color)#Royal_azure
Royal blue	002366	
Royal blue	4169E1	
Royal fuchsia	CA2C92	https://en.wikipedia.org/wiki/Fuchsia_(color)#Royal_fuchsia
Royal purple	7851A9	https://en.wikipedia.org/wiki/Shades_of_purple#Royal_purple:_1600s
Royal yellow	FADA5E	https://en.wikipedia.org/wiki/Shades_of_yellow#Royal_yellow
Ruber	CE4676	https://en.wikipedia.org/wiki/Ruby_(color)#Ruber
Rubine red	D10056	https://en.wikipedia.org/wiki/Ruby_(color)#Rubine_red
Ruby	E0115F	https://en.wikipedia.org/wiki/Ruby_(color)
Ruby red	9B111E	https://en.wikipedia.org/wiki/Ruby_(color)#Ruby_red
Ruddy	FF0028	
Ruddy brown	BB6528	https://en.wikipedia.org/wiki/Ruddy#Ruddy_brown
Ruddy pink	E18E96	https://en.wikipedia.org/wiki/Ruddy#Ruddy_pink
Rufous	A81C07	
Russet	80461B	https://en.wikipedia.org/wiki/Russet_(color)
Russian green	679267	https://en.wikipedia.org/wiki/Shades_of_green#Russian_green
Russian violet	32174D	https://en.wikipedia.org/wiki/Shades_of_violet#Russian_violet
Rust	B7410E	https://en.wikipedia.org/wiki/Rust_(color)
Rusty red	DA2C43	https://en.wikipedia.org/wiki/Shades_of_red#Rusty_red
Sacramento State green	00563F	https://en.wikipedia.org/wiki/Shades_of_green#Sacramento_State_green
Saddle brown	8B4513	https://en.wikipedia.org/wiki/X11_color_names#Color_name_charts
Safety orange (blaze orange)	FF6700	https://en.wikipedia.org/wiki/Safety_orange
Safety yellow	EED202	https://en.wikipedia.org/wiki/Shades_of_yellow#Safety_yellow
Saffron	F4C430	https://en.wikipedia.org/wiki/Saffron_(color)
Sage	BCB88A	https://en.wikipedia.org/wiki/Sage_(color)
St. Patrick's blue	23297A	
Salmon	FA8072	https://en.wikipedia.org/wiki/Salmon_(color)
Salmon pink	FF91A4	
Sand	C2B280	https://en.wikipedia.org/wiki/Desert_sand_(color)#Sand
Sand dune	967117	https://en.wikipedia.org/wiki/Desert_sand_(color)#Sand_dune_(Drab)
Sandstorm	ECD540	https://en.wikipedia.org/wiki/List_of_Crayola_colored_pencil_colors#Standard_colors
Sandy brown	F4A460	
Sandy taupe	967117	https://en.wikipedia.org/wiki/Taupe#Sandy_taupe
Sangria	92000A	
Sap green	507D2A	https://en.wikipedia.org/wiki/Shades_of_green#Sap_green
Sapphire	0F52BA	https://en.wikipedia.org/wiki/Sapphire_(color)#Sapphire
Sapphire blue	0067A5	https://en.wikipedia.org/wiki/Sapphire_(color)#Sapphire_blue
Satin sheen gold	CBA135	https://en.wikipedia.org/wiki/Gold_(color)#Satin_sheen_gold
Scarlet	FF2400	https://en.wikipedia.org/wiki/Scarlet_(color)
Scarlet	FD0E35	https://en.wikipedia.org/wiki/Scarlet_(color)#Scarlet_(Crayola)
Schauss pink	FF91AF	https://en.wikipedia.org/wiki/Baker-Miller_Pink
School bus yellow	FFD800	
Screamin' Green	76FF7A	https://en.wikipedia.org/wiki/List_of_Crayola_crayon_colors#Standard_colors
Sea blue	006994	https://en.wikipedia.org/wiki/Shades_of_blue#Sea_blue
Sea green	2E8B57	https://en.wikipedia.org/wiki/Shades_of_green#Sea_green
Seal brown	321414	
Seashell	FFF5EE	https://en.wikipedia.org/wiki/Seashell_(color)
Selective yellow	FFBA00	
Sepia	704214	https://en.wikipedia.org/wiki/Sepia_(color)
Shadow	8A795D	https://en.wikipedia.org/wiki/List_of_Crayola_crayon_colors#Standard_colors
Shadow blue	778BA5	https://en.wikipedia.org/wiki/Blue-gray#Shadow_blue
Shampoo	FFCFF1	https://en.wikipedia.org/wiki/List_of_Crayola_crayon_colors#Magic_Scent
Shamrock green	009E60	https://en.wikipedia.org/wiki/Shades_of_green#Shamrock_green
Sheen Green	8FD400	https://en.wikipedia.org/wiki/List_of_Crayola_crayon_colors#Metallic_FX
Shimmering Blush	D98695	https://en.wikipedia.org/wiki/List_of_Crayola_crayon_colors#Metallic_FX
Shocking pink	FC0FC0	https://en.wikipedia.org/wiki/Shades_of_pink#Shocking_pink
Shocking pink (Crayola)	FF6FFF	https://en.wikipedia.org/wiki/Variations_of_magenta#Ultra_pink
Sienna	882D17	
Silver	C0C0C0	https://en.wikipedia.org/wiki/Silver_(color)
Silver chalice	ACACAC	https://en.wikipedia.org/wiki/Silver_(color)#Silver_chalice
Silver Lake blue	5D89BA	https://en.wikipedia.org/wiki/Azure_(color)#Silver_Lake_blue
Silver pink	C4AEAD	https://en.wikipedia.org/wiki/Variations_of_pink#Silver_pink
Silver sand	BFC1C2	https://en.wikipedia.org/wiki/Silver_(color)#Silver_sand
Sinopia	CB410B	
Skobeloff	007474	https://en.wikipedia.org/wiki/Spring_green_(color)#Skobeloff
Sky blue	87CEEB	
Sky magenta	CF71AF	https://en.wikipedia.org/wiki/Variations_of_magenta#Sky_magenta
Slate blue	6A5ACD	https://en.wikipedia.org/wiki/X11_color_names#Color_names
Slate gray	708090	
Smalt (Dark powder blue)	003399	https://en.wikipedia.org/wiki/Powder_blue
Smitten	C84186	https://en.wikipedia.org/wiki/Red-violet#Smitten
Smoke	738276	https://en.wikipedia.org/wiki/List_of_Crayola_crayon_colors#Magic_Scent
Smokey topaz	933D41	https://en.wikipedia.org/wiki/Topaz
Smoky black	100C08	
Snow	FFFAFA	https://en.wikipedia.org/wiki/Shades_of_white#Snow
Soap	CEC8EF	https://en.wikipedia.org/wiki/Lavender_(color)#Soap
Solid pink	893843	https://en.wikipedia.org/wiki/Variations_of_pink#Solid_pink
Sonic silver	757575	https://en.wikipedia.org/wiki/Silver_(color)#Sonic_silver
Spartan Crimson	9E1316	https://en.wikipedia.org/wiki/Crimson_(color)#Spartan_Crimson
Space cadet	1D2951	https://en.wikipedia.org/wiki/Cadet_grey#Space_cadet
Spanish bistre	807532	https://en.wikipedia.org/wiki/Bistre#Spanish_bistre
Spanish blue	0070B8	https://en.wikipedia.org/wiki/Variations_of_blue#Spanish_blue
Spanish carmine	D10047	https://en.wikipedia.org/wiki/Carmine_(color)#Spanish_carmine
Spanish crimson	E51A4C	https://en.wikipedia.org/wiki/Crimson#Spanish_crimson
Spanish gray	989898	https://en.wikipedia.org/wiki/Variations_of_gray#Spanish_gray
Spanish green	009150	https://en.wikipedia.org/wiki/Shades_of_green#Spanish_green
Spanish orange	E86100	https://en.wikipedia.org/wiki/Shades_of_orange#Spanish_orange
Spanish pink	F7BFBE	https://en.wikipedia.org/wiki/Variations_of_pink#Spanish_pink
Spanish red	E60026	https://en.wikipedia.org/wiki/Shades_of_red#Spanish_red
Spanish sky blue	00FFFF	https://en.wikipedia.org/wiki/Sky_blue#Spanish_sky_blue
Spanish violet	4C2882	https://en.wikipedia.org/wiki/Shades_of_violet#Spanish_violet
Spanish viridian	007F5C	https://en.wikipedia.org/wiki/Viridian#Spanish_viridian
Spiro Disco Ball	0FC0FC	https://en.wikipedia.org/wiki/List_of_Crayola_colored_pencil_colors
Spring bud	A7FC00	
Spring green	00FF7F	https://en.wikipedia.org/wiki/Spring_green_(color)
Star command blue	007BB8	https://en.wikipedia.org/wiki/Cadet_grey#Star_command_blue
Steel blue	4682B4	
Steel pink	CC33CC	https://en.wikipedia.org/wiki/Variations_of_pink#Steel_pink
Stil de grain yellow	FADA5E	
Stizza	990000	https://en.wikipedia.org/wiki/Shades_of_red#OU_Crimson
Stormcloud	4F666A	
Straw	E4D96F	https://en.wikipedia.org/wiki/Straw_(colour)
Strawberry	FC5A8D	https://en.wikipedia.org/wiki/List_of_Crayola_crayon_colors#Magic_Scent
Sunglow	FFCC33	https://en.wikipedia.org/wiki/Sunset_(color)#Sunglow
Sunray	E3AB57	https://en.wikipedia.org/wiki/Sunset_(color)#Sunray
Sunset	FAD6A5	https://en.wikipedia.org/wiki/Sunset_(color)
Sunset orange	FD5E53	https://en.wikipedia.org/wiki/Sunset_(color)#Sunset_orange
Super pink	CF6BA9	https://en.wikipedia.org/wiki/Variations_of_pink#Super_pink
Tan	D2B48C	https://en.wikipedia.org/wiki/Tan_(color)
Tangelo	F94D00	https://en.wikipedia.org/wiki/Shades_of_orange#Tangelo
Tangerine	F28500	https://en.wikipedia.org/wiki/Tangerine_(color)
Tangerine yellow	FFCC00	https://en.wikipedia.org/wiki/School_bus_yellow#Computer_monitor_display
Tango pink	E4717A	https://en.wikipedia.org/wiki/Shades_of_pink#Tango_pink
Taupe	483C32	
Taupe gray	8B8589	https://en.wikipedia.org/wiki/Taupe#Taupe_gray
Tea green	D0F0C0	https://en.wikipedia.org/wiki/Shades_of_green#Tea_green
Tea rose	F88379	https://en.wikipedia.org/wiki/Shades_of_orange#Tea_rose
Tea rose	F4C2C2	https://en.wikipedia.org/wiki/Rose_(color)#Tea_Rose
Teal	008080	https://en.wikipedia.org/wiki/Teal_(color)#Teal
Teal blue	367588	https://en.wikipedia.org/wiki/Teal_(color)#Teal_blue
Teal deer	99E6B3	https://en.wikipedia.org/wiki/Teal
Teal green	00827F	https://en.wikipedia.org/wiki/Teal_(color)#Teal_green
Telemagenta	CF3476	https://en.wikipedia.org/wiki/Variations_of_magenta#Telemagenta
Tenné	CD5700	
Terra cotta	E2725B	https://en.wikipedia.org/wiki/Terracotta#Color
Thistle	D8BFD8	https://en.wikipedia.org/wiki/Thistle_(color)
Thulian pink	DE6FA1	https://en.wikipedia.org/wiki/Rose_(color)#Thulian_Pink
Tickle Me Pink	FC89AC	https://en.wikipedia.org/wiki/Rose_(color)#Tickle_Me_Pink
Tiffany Blue	0ABAB5	https://en.wikipedia.org/wiki/Tiffany_Blue#Tiffany_Blue
Tiger's eye	E08D3C	
Timberwolf	DBD7D2	https://en.wikipedia.org/wiki/List_of_Crayola_crayon_colors#Standard_colors
Titanium yellow	EEE600	
Tomato	FF6347	https://en.wikipedia.org/wiki/Tomato_(color)
Toolbox	746CC0	https://en.wikipedia.org/wiki/List_of_Crayola_colored_pencil_colors#Standard_colors
Topaz	FFC87C	
Tractor red	FD0E35	https://en.wikipedia.org/wiki/Scarlet_(color)#Tractor_red
Trolley Grey	808080	https://en.wikipedia.org/wiki/Grey
Tropical rain forest	00755E	https://en.wikipedia.org/wiki/Jungle_green#Tropical_rain_forest
True Blue	0073CF	https://en.wikipedia.org/wiki/True_Blue_(color)
Tufts Blue	417DC1	
Tulip	FF878D	https://en.wikipedia.org/wiki/List_of_Crayola_crayon_colors#Magic_Scent
Tumbleweed	DEAA88	https://en.wikipedia.org/wiki/List_of_Crayola_crayon_colors
Turkish rose	B57281	https://en.wikipedia.org/wiki/Rose_(color)#Turkish_Rose
Turquoise	40E0D0	https://en.wikipedia.org/wiki/Turquoise_(color)
Turquoise blue	00FFEF	https://en.wikipedia.org/wiki/Turquoise_(color)#Turquoise_Blue
Turquoise green	A0D6B4	https://en.wikipedia.org/wiki/Turquoise_(color)#Turquoise_Green
Tuscan	FAD6A5	https://en.wikipedia.org/wiki/Beige#Tuscan
Tuscan brown	6F4E37	https://en.wikipedia.org/wiki/Tuscan_red#Tuscan_brown
Tuscan red	7C4848	
Tuscan tan	A67B5B	https://en.wikipedia.org/wiki/Tan_(color)#Tuscan_tan
Tuscany	C09999	https://en.wikipedia.org/wiki/Tuscan_red#Tuscany
Twilight lavender	8A496B	https://en.wikipedia.org/wiki/Lavender_(color)#Twilight_lavender
Tyrian purple	66023C	https://en.wikipedia.org/wiki/Tyrian_purple#Tyrian_purple
UA blue	0033AA	https://en.wikipedia.org/wiki/University_of_Arizona#School_colors
UA red	D9004C	https://en.wikipedia.org/wiki/University_of_Arizona#School_colors
Ube	8878C3	https://en.wikipedia.org/wiki/Lavender_(color)#Úbe
UCLA Blue	536895	
UCLA Gold	FFB300	https://en.wikipedia.org/wiki/UCLA
UFO Green	3CD070	https://en.wikipedia.org/wiki/List_of_Crayola_colored_pencil_colors#Standard_colors
Ultramarine	120A8F	
Ultramarine blue	4166F5	https://en.wikipedia.org/wiki/Ultramarine#Ultramarine_blue
Ultra pink	FF6FFF	https://en.wikipedia.org/wiki/Variations_of_magenta#Ultra_pink
Ultra red	FC6C85	https://en.wikipedia.org/wiki/Carmine_(color)#Ultra_red
Umber	635147	https://en.wikipedia.org/wiki/Umber#Umber
Unbleached silk	FFDDCA	https://en.wikipedia.org/wiki/Beige#Unbleached_silk
United Nations blue	5B92E5	https://en.wikipedia.org/wiki/Azure_(color)#United_Nations_blue
University of California Gold	B78727	https://en.wikipedia.org/wiki/Gold_(color)#University_of_California_Gold
Unmellow yellow	FFFF66	https://en.wikipedia.org/wiki/Shades_of_yellow#Unmellow_yellow
UP Forest green	014421	https://en.wikipedia.org/wiki/Shades_of_green#UP_Forest_Green
UP Maroon	7B1113	https://en.wikipedia.org/wiki/Maroon_(color)#UP_maroon
Upsdell red	AE2029	
Urobilin	E1AD21	
USAFA blue	004F98	https://en.wikipedia.org/wiki/Air_Force_blue#USAFA_blue
USC Cardinal	990000	https://en.wikipedia.org/wiki/University_of_Southern_California
USC Gold	FFCC00	https://en.wikipedia.org/wiki/University_of_Southern_California
University of Tennessee Orange	F77F00	https://en.wikipedia.org/wiki/University_of_Tennessee
Utah Crimson	D3003F	https://en.wikipedia.org/wiki/Crimson#Utah_crimson
Vanilla	F3E5AB	https://en.wikipedia.org/wiki/Vanilla_(color)
Vanilla ice	F38FA9	https://en.wikipedia.org/wiki/Vanilla_(color)#Vanilla_ice
Vegas gold	C5B358	https://en.wikipedia.org/wiki/Gold_(color)#Vegas_gold
Venetian red	C80815	
Verdigris	43B3AE	
Vermilion	E34234	
Vermilion	D9381E	https://en.wikipedia.org/wiki/Vermilion#Medium_vermilion
Veronica	A020F0	https://en.wikipedia.org/wiki/Shades_of_purple#Purple_(X11_color)_(veronica)
Violet	8F00FF	https://en.wikipedia.org/wiki/Violet_(color)
Violet (color wheel)	7F00FF	https://en.wikipedia.org/wiki/Shades_of_violet#Color_wheel_violet
Violet (RYB)	8601AF	https://en.wikipedia.org/wiki/RYB_color_model
Violet (web)	EE82EE	https://en.wikipedia.org/wiki/Shades_of_violet#Web_color_"violet"
Violet-blue	324AB2	https://en.wikipedia.org/wiki/Indigo#Violet-blue
Violet-red	F75394	https://en.wikipedia.org/wiki/Red-violet#Violet-red
Viridian	40826D	
Viridian green	009698	https://en.wikipedia.org/wiki/Viridian#Viridian_green
Vista blue	7C9ED9	https://en.wikipedia.org/wiki/Azure_(color)#Vista_blue
Vivid auburn	922724	https://en.wikipedia.org/wiki/Auburn_hair#Vivid_Auburn
Vivid burgundy	9F1D35	https://en.wikipedia.org/wiki/Burgundy_(color)#Vivid_burgundy
Vivid cerise	DA1D81	https://en.wikipedia.org/wiki/Cerise_(color)#Vivid_cerise
Vivid orchid	CC00FF	https://en.wikipedia.org/wiki/Orchid_(color)#Vivid_orchid
Vivid sky blue	00CCFF	https://en.wikipedia.org/wiki/Sky_blue#Vivid_sky_blue
Vivid tangerine	FFA089	https://en.wikipedia.org/wiki/List_of_Crayola_crayon_colors#Standard_colors
Vivid violet	9F00FF	https://en.wikipedia.org/wiki/Shades_of_violet#Vivid_violet
Warm black	004242	https://en.wikipedia.org/wiki/Rich_black
Waterspout	A4F4F9	
Wenge	645452	https://en.wikipedia.org/wiki/Wenge_(colour)
Wheat	F5DEB3	https://en.wikipedia.org/wiki/Wheat_(color)
White	FFFFFF	
White smoke	F5F5F5	https://en.wikipedia.org/wiki/Smoke
Wild blue yonder	A2ADD0	https://en.wikipedia.org/wiki/Azure_(color)#Wild_blue_yonder
Wild orchid	D470A2	https://en.wikipedia.org/wiki/Orchid_(color)#Wild_orchid
Wild Strawberry	FF43A4	https://en.wikipedia.org/wiki/List_of_Crayola_crayon_colors#Standard_colors
Wild watermelon	FC6C85	https://en.wikipedia.org/wiki/Carmine_(color)#Ultra_red
Willpower orange	FD5800	https://en.wikipedia.org/wiki/Shades_of_orange#Willpower_orange
Windsor tan	A75502	https://en.wikipedia.org/wiki/Tan_(color)#Windsor_tan
Wine	722F37	https://en.wikipedia.org/wiki/Wine_(color)
Wine dregs	673147	https://en.wikipedia.org/wiki/Wine_(color)#Wine_dregs
Wisteria	C9A0DC	https://en.wikipedia.org/wiki/Wisteria_(color)
Wood brown	C19A6B	https://en.wikipedia.org/wiki/Variations_of_brown#Wood_brown
Xanadu	738678	https://en.wikipedia.org/wiki/Variations_of_gray#Xanadu
Yale Blue	0F4D92	
Yankees blue	1C2841	https://en.wikipedia.org/wiki/Shades_of_blue
Yellow	FFFF00	
Yellow (Crayola)	FCE883	https://en.wikipedia.org/wiki/Shades_of_yellow#Yellow_(Crayola)
Yellow (Munsell)	EFCC00	https://en.wikipedia.org/wiki/Shades_of_yellow#Yellow_(Munsell)
Yellow (NCS)	FFD300	https://en.wikipedia.org/wiki/Shades_of_yellow#Yellow_(NCS)_(psychological_primary_yellow)
Yellow (Pantone)	FEDF00	https://en.wikipedia.org/wiki/Shades_of_yellow#Yellow_(Pantone)
Yellow (process)	FFEF00	https://en.wikipedia.org/wiki/Yellow#Electric_yellow_vs._process_yellow
Yellow (RYB)	FEFE33	https://en.wikipedia.org/wiki/RYB_color_model
Yellow-green	9ACD32	https://en.wikipedia.org/wiki/Chartreuse_(color)#Yellow-green
Yellow Orange	FFAE42	https://en.wikipedia.org/wiki/List_of_Crayola_crayon_colors#Standard_colors
Yellow rose	FFF000	https://en.wikipedia.org/wiki/Shades_of_yellow
Zaffre	0014A8	
Zinnwaldite brown	2C1608	https://en.wikipedia.org/wiki/Zinnwaldite
Zomp	39A78E	https://en.wikipedia.org/wiki/Spring_green#Zomp
